saan,pr,vb,abbreviation
paano,pr,vb,dt,dt,nn,cc,pr,abbreviation
ano,dt,nn,vb,cc,nn,pr,vb,nn,abbreviation
saan,pr,rb,nn,cc,nn,abbreviation
saan,pr,vb,abbreviation
saan,pr,cd,vb,abbreviation
ano,dt,vb,vb,cc,nn,abbreviation
saan,pr,rb,vb,abbreviation
saan,pr,vb,abbreviation
ano,dt,vb,vb,cc,nn,abbreviation
ano,dt,vb,vb,cc,nn,abbreviation
ano,dt,vb,vb,cc,nn,abbreviation
ano,dt,vb,vb,cc,nn,abbreviation
ano,dt,vb,vb,cc,nn,abbreviation
ano,dt,vb,vb,cc,nn,abbreviation
ano,dt,vb,vb,cc,nn,abbreviation
anong,jj,pr,vb,cc,vb,pr,cc,pr,dt,vb,pr,description
anong,vb,pr,description
anong,rb,pr,cc,rb,pr,description
bakit,rb,vb,pr,rb,description
bakit,pr,vb,rb,cc,pr,pr,vb,description
bakit,rb,rb,pr,cc,pr,description
paano,rb,rb,rb,pr,description
paano,rb,pr,vb,description
paano,rb,dt,nn,pr,vb,pr,description
ano,pr,description
anong,nn,pr,description
bakit,dt,nn,pr,description
bakit,jj,pr,vb,nn,description
paano,pr,vb,dt,vb,pr,description
ano,dt,nn,pr,nn,description
bakit,rb,rb,description
paano,vb,cc,nn,description
ano,dt,vb,pr,vb,description
ano,dt,nn,pr,description
ano,rb,dt,nn,pr,cc,rb,pr,description
bakit,jj,pr,vb,description
bakit,rb,pr,rb,description
bakit,pr,rb,nn,description
paano,pr,vb,description
paano,rb,dt,nn,description
alin,dt,jj,jj,description
ano,dt,nn,cc,nn,vb,pr,description
ano,dt,nn,cc,nn,pr,description
bakit,jj,pr,vb,dt,pr,cc,pr,description
bakit,rb,vb,pr,cc,nn,description
bakit,rb,pr,dt,nn,vb,description
bakit,pr,rb,pr,vb,dt,nn,pr,description
paano,rb,dt,nn,description
paano,rb,pr,description
paano,pr,rb,pr,nn,cc,pr,description
paano,pr,vb,cc,nn,description
paano,pr,vb,description
kailan,pr,vb,vb,pr,cc,description
alin,cc,dt,nn,dt,description
nasaan,rb,dt,pr,cc,dt,vb,pr,description
ano,dt,nn,pr,vb,description
ano,dt,nn,pr,description
bakit,pr,dt,vb,pr,cc,vb,pr,description
bakit,vb,pr,pr,vb,vb,description
paano,rb,dt,nn,description
paano,rb,pr,nn,description
ano,rb,rb,dt,nn,cc,nn,description
ano,rb,rb,dt,nn,pr,vb,description
ano,dt,nn,cc,nn,pr,description
bakit,rb,rb,vb,vb,nn,dt,nn,description
kailan,jj,cc,nn,cc,pr,vb,cc,description
paano,rb,dt,pr,nn,cc,vb,pr,vb,description
paano,rb,dt,vb,vb,rb,jj,cc,nn,pr,jj,pr,description
paano,rb,dt,nn,rb,cc,pr,nn,description
saan,pr,vb,description
ano,dt,vb,cc,vb,pr,description
ano,dt,nn,cc,nn,pr,cc,pr,description
bakit,pr,pr,vb,description
bakit,pr,vb,description
bakit,pr,vb,dt,nn,pr,description
paano,pr,vb,dt,nn,pr,description
paano,pr,vb,cc,rb,dt,vb,pr,description
paano,pr,vb,dt,nn,pr,description
sino,pr,cc,vb,pr,pr,description
sino,pr,cc,vb,pr,description
alin,rb,rb,cc,dt,vb,pr,dt,vb,pr,vb,description
anong,rb,rb,dt,vb,description
ano,cc,vb,dt,nn,description
bakit,rb,rb,cc,nn,description
bakit,pr,rb,rb,description
bakit,dt,nn,cc,dt,vb,pr,cc,vb,description
bakit,nn,jj,dt,nn,description
paano,rb,cc,nn,description
paano,rb,rb,rb,description
paano,pr,vb,cc,nn,pr,cc,nn,pr,description
saan,rb,dt,nn,nn,pr,description
ano,dt,vb,pr,vb,description
ano,dt,nn,pr,cc,vb,description
bakit,pr,jj,description
paano,rb,vb,cc,nn,description
paano,pr,nn,cc,pr,description
paano,rb,rb,rb,description
ano,rb,dt,vb,pr,cc,rb,cc,pr,description
bakit,rb,rb,vb,pr,description
bakit,dt,nn,pr,description
paano,rb,rb,dt,nn,description
paano,rb,vb,description
saan,rb,pr,vb,cc,vb,dt,nn,description
ano,dt,nn,cc,nn,description
ano,dt,vb,pr,vb,description
ano,dt,vb,pr,nn,description
bakit,dt,nn,pr,description
bakit,pr,rb,description
paano,pr,vb,dt,pr,nn,description
paano,pr,rb,vb,dt,pr,description
ano,dt,nn,nn,pr,description
bakit,pr,rb,rb,pr,jj,vb,pr,pr,vb,description
bakit,vb,pr,vb,dt,vb,pr,description
paano,rb,rb,description
paano,pr,vb,dt,nn,pr,description
ano,dt,vb,vb,description
kailan,pr,pr,nn,nn,description
bakit,nn,pr,pr,jj,nn,description
bakit,vb,pr,nn,dt,dt,nn,cc,pr,nn,description
paano,pr,rb,dt,nn,dt,nn,cc,vb,dt,nn,description
bakit,pr,pr,vb,description
bakit,pr,vb,description
paano,pr,vb,dt,nn,pr,description
paano,pr,vb,dt,nn,description
ano,dt,nn,pr,vb,description
bakit,rb,vb,vb,cc,dt,nn,jj,pr,description
bakit,pr,rb,vb,nn,pr,description
paano,rb,rb,pr,vb,cc,vb,description
kailan,rb,vb,rb,dt,nn,description
ano,dt,nn,pr,description
ano,dt,nn,pr,description
ano,dt,nn,pr,description
paano,pr,vb,dt,nn,cc,pr,description
ano,dt,nn,cc,pr,vb,description
paano,pr,vb,dt,pr,nn,description
ano,dt,vb,pr,description
ano,dt,vb,pr,vb,description
bakit,pr,vb,pr,description
bakit,rb,jj,pr,description
paano,pr,vb,pr,description
paano,pr,pr,vb,description
ano,dt,nn,pr,vb,description
paano,rb,pr,vb,cc,pr,lm,jj,cc,pr,lm,jj,description
ano,dt,vb,pr,rb,vb,dt,dt,vb,pr,description
paano,rb,pr,cc,pr,lm,vb,description
paanong,rb,pr,rb,vb,description
paano,pr,nn,dt,rb,pr,vb,description
ano,rb,dt,vb,pr,cc,nn,description
ano,dt,nn,pr,pr,description
ano,dt,nn,cc,nn,cc,vb,pr,rb,description
bakit,jj,dt,nn,description
bakit,rb,vb,dt,nn,jj,description
paano,pr,vb,dt,vb,pr,cc,nn,jj,pr,description
paano,rb,dt,nn,description
saan,rb,dt,cd,nn,pr,description
ano,dt,nn,cc,nn,nn,pr,description
ano,dt,vb,pr,cc,nn,description
bakit,pr,vb,description
bakit,rb,pr,cc,nn,pr,description
bakit,vb,nn,cc,nn,description
paano,rb,rb,description
paano,pr,vb,dt,nn,vb,description
alin,dt,jj,jj,dt,vb,pr,description
bakit,rb,rb,rb,rb,rb,rb,description
bakit,rb,rb,rb,rb,pr,cc,jj,pr,description
bakit,dt,nn,cc,vb,nn,lm,nn,cc,vb,rb,rb,vb,nn,cc,nn,description
ano,rb,dt,jj,cc,nn,cc,rb,pr,description
ano,dt,nn,cc,nn,nn,vb,cc,pr,description
ano,dt,nn,vb,dt,nn,cc,nn,vb,description
ano,cc,nn,pr,dt,nn,nn,dt,nn,description
bakit,pr,pr,vb,rb,rb,cc,nn,description
bakit,pr,vb,cc,vb,description
bakit,rb,pr,rb,cc,nn,pr,description
bakit,rb,pr,vb,cc,dt,nn,jj,nn,description
bakit,jj,rb,cc,pr,dt,vb,cc,nn,description
paano,rb,vb,dt,vb,nn,description
paano,rb,dt,nn,cc,pr,nn,description
paano,pr,vb,dt,pr,nn,cc,rb,pr,rb,vb,description
paano,rb,dt,nn,cc,vb,vb,description
alin,cc,cd,pr,dt,jj,jj,nn,description
alin,pr,dt,nn,vb,vb,nn,description
alin,rb,dt,nn,dt,nn,description
alin,cc,dt,nn,pr,dt,rb,description
alin,pr,pr,cc,dt,nn,rb,rb,description
saan,nn,dt,pr,cc,dt,nn,pr,description
ano,dt,nn,pr,description
ano,dt,vb,cc,vb,cc,nn,pr,description
ano,dt,vb,nn,cc,vb,pr,description
ano,dt,vb,vb,cc,nn,jj,description
ano,dt,nn,pr,nn,description
bakit,jj,pr,vb,cc,pr,description
bakit,vb,pr,vb,cc,jj,rb,pr,description
bakit,vb,nn,dt,nn,pr,cc,nn,cc,nn,pr,description
bakit,vb,pr,jj,vb,description
bakit,vb,dt,nn,description
paano,rb,vb,description
paano,rb,rb,pr,description
paano,rb,vb,cc,nn,description
paano,cc,dt,dt,nn,vb,description
paano,rb,vb,dt,nn,jj,pr,description
alin,cc,dt,vb,dt,nn,description
alin,cc,cd,dt,nn,vb,pr,description
alin,dt,jj,vb,description
alin,dt,jj,jj,pr,description
alin,dt,jj,jj,cc,nn,pr,description
ano,dt,nn,pr,description
ano,dt,nn,pr,nn,description
ano,dt,vb,pr,cc,nn,description
bakit,dt,nn,pr,rb,description
bakit,vb,pr,cc,nn,description
bakit,vb,pr,vb,cc,nn,description
paano,pr,vb,cc,vb,cc,vb,nn,description
paano,pr,nn,cc,nn,cc,nn,description
paano,rb,vb,cc,nn,description
alin,dt,nn,description
alin,dt,jj,jj,nn,description
alin,dt,vb,vb,description
ano,dt,vb,pr,description
ano,rb,rb,dt,nn,nn,dt,nn,cc,nn,description
ano,dt,nn,pr,vb,description
ano,dt,jj,cc,nn,pr,description
ano,dt,vb,cc,nn,dt,nn,description
bakit,rb,rb,vb,pr,description
bakit,vb,pr,description
bakit,rb,vb,nn,cc,pr,dt,nn,description
bakit,nn,dt,nn,description
bakit,nn,cc,pr,nn,description
paano,rb,dt,nn,pr,description
paano,rb,rb,dt,nn,description
paano,pr,nn,description
paano,rb,dt,nn,description
paano,rb,dt,nn,description
sino,dt,nn,nn,cc,vb,cc,pr,description
sino,rb,rb,pr,cc,nn,pr,description
alin,cc,cd,dt,nn,pr,description
alin,cc,dt,pr,dt,vb,description
alin,cc,dt,nn,pr,dt,jj,cc,nn,pr,description
alin,cc,dt,vb,pr,dt,nn,description
saan,pr,vb,description
saan,pr,vb,description
ano,dt,pr,nn,cc,pr,nn,description
ano,dt,vb,cc,nn,description
bakit,nn,pr,dt,nn,nn,nn,description
bakit,rb,pr,vb,description
bakit,pr,rb,dt,nn,pr,description
paano,rb,dt,nn,description
paano,rb,rb,dt,nn,description
paano,rb,rb,rb,vb,jj,cc,nn,description
alin,cc,vb,nn,dt,nn,pr,description
ano,dt,vb,dt,nn,cc,nn,description
bakit,pr,dt,vb,pr,cc,vb,pr,description
paano,pr,pr,vb,rb,description
alin,dt,vb,pr,description
ano,dt,nn,vb,pr,cc,nn,description
ano,dt,jj,nn,description
ano,dt,jj,jj,pr,description
bakit,pr,rb,rb,vb,description
bakit,vb,pr,pr,vb,description
bakit,jj,vb,pr,jj,rb,pr,rb,rb,description
paano,rb,vb,description
paano,pr,pr,vb,description
paano,pr,vb,dt,nn,pr,cc,nn,description
kailan,pr,rb,vb,vb,pr,pr,vb,description
alin,dt,jj,jj,cc,pr,description
alin,pr,dt,vb,pr,description
alin,pr,dt,nn,pr,description
saan,rb,rb,dt,nn,pr,cc,pr,description
ano,rb,pr,nn,description
ano,rb,dt,nn,pr,description
ano,rb,rb,dt,jj,vb,pr,pr,description
bakit,rb,pr,description
bakit,rb,pr,dt,nn,description
bakit,rb,vb,cc,jj,description
paano,rb,pr,nn,description
paano,pr,rb,vb,dt,vb,pr,description
paano,rb,rb,cc,pr,vb,pr,description
alin,rb,cc,cd,pr,dt,vb,pr,description
alin,cc,dt,vb,pr,dt,nn,nn,description
alin,rb,dt,vb,pr,pr,description
ano,dt,nn,pr,cc,nn,pr,description
ano,dt,nn,pr,cc,rb,pr,description
bakit,vb,pr,pr,description
bakit,pr,dt,vb,pr,description
bakit,dt,nn,pr,nn,description
paano,rb,dt,nn,description
paano,rb,dt,nn,pr,description
paano,rb,dt,jj,description
ano,dt,pr,nn,description
ano,dt,vb,pr,description
ano,dt,vb,pr,vb,description
bakit,nn,jj,nn,pr,vb,description
bakit,vb,vb,description
bakit,pr,vb,description
paano,pr,nn,description
paano,pr,vb,description
paano,pr,vb,description
ano,dt,vb,cc,nn,pr,description
inaano,pr,rb,pr,description
ano,rb,description
bakit,jj,pr,vb,nn,description
bakit,rb,vb,pr,rb,dt,nn,pr,cc,pr,description
bakit,rb,pr,vb,cc,nn,cc,nn,cc,rb,vb,pr,vb,description
paano,rb,pr,nn,cc,nn,nn,dt,nn,nn,description
paano,rb,pr,nn,pr,description
paano,rb,vb,dt,nn,nn,description
kailan,pr,rb,vb,dt,vb,nn,description
kailan,vb,dt,nn,vb,cc,vb,description
alin,cc,nn,vb,pr,pr,description
alin,dt,nn,pr,vb,rb,vb,description
bakit,pr,rb,pr,vb,description
paano,pr,nn,description
ano,rb,dt,nn,pr,description
ano,rb,rb,dt,nn,nn,description
bakit,pr,vb,description
bakit,jj,dt,nn,description
bakit,vb,pr,vb,dt,nn,pr,cc,nn,description
paano,rb,pr,nn,description
paano,pr,vb,vb,description
paano,rb,vb,dt,nn,description
sino,dt,nn,cc,nn,dt,nn,nn,description
sino,dt,vb,nn,rb,vb,pr,rb,pr,nn,pr,description
ano,rb,cc,vb,pr,nn,description
ano,rb,vb,pr,description
bakit,rb,rb,pr,vb,description
bakit,rb,jj,rb,vb,dt,dt,nn,nn,description
bakit,rb,vb,vb,rb,rb,pr,cc,dt,nn,nn,description
paano,rb,rb,rb,rb,rb,pr,vb,description
paano,pr,rb,vb,cc,nn,cc,vb,pr,pr,description
paano,rb,vb,nn,cc,pr,cc,nn,pr,description
kailan,pr,rb,rb,nn,dt,nn,vb,pr,nn,description
ano,rb,dt,vb,vb,pr,cc,nn,cc,vb,pr,pr,description
ano,dt,nn,cc,nn,nn,description
bakit,pr,pr,vb,description
bakit,rb,vb,dt,nn,description
bakit,rb,pr,vb,description
paano,pr,rb,vb,dt,vb,vb,description
paano,rb,pr,rb,pr,lm,vb,pr,description
paano,pr,jj,cc,jj,pr,pr,description
kailan,pr,rb,vb,rb,rb,nn,cc,jj,pr,pr,description
kailan,rb,pr,rb,rb,description
sino,rb,rb,pr,cc,nn,pr,cc,description
saan,pr,vb,cc,nn,pr,description
saan,pr,vb,description
saan,pr,vb,dt,nn,jj,cc,pr,description
ano,dt,vb,vb,cc,nn,nn,description
bakit,rb,pr,vb,cc,nn,description
bakit,vb,pr,vb,cc,nn,cc,pr,vb,dt,nn,pr,cc,nn,description
bakit,pr,pr,vb,cc,nn,description
paano,rb,vb,pr,pr,cc,nn,description
paano,pr,rb,vb,dt,nn,description
paano,pr,pr,vb,cc,nn,description
ano,dt,vb,vb,pr,vb,dt,nn,nn,description
bakit,dt,nn,dt,nn,nn,description
paano,pr,jj,dt,pr,nn,dt,nn,nn,description
ano,dt,nn,cc,nn,cc,rb,pr,description
ano,dt,nn,description
ano,rb,dt,vb,pr,vb,description
bakit,pr,rb,description
bakit,cc,vb,cc,nn,cc,nn,pr,rb,description
bakit,rb,vb,pr,description
paano,cc,pr,description
paano,cc,dt,dt,nn,vb,vb,description
paano,rb,dt,vb,pr,description
sino,pr,description
sino,cc,pr,dt,vb,nn,description
sino,cc,vb,cd,dt,vb,pr,description
saan,rb,pr,vb,description
saan,rb,pr,vb,vb,description
ano,dt,vb,vb,cc,nn,description
bakit,nn,dt,dt,nn,cc,nn,description
bakit,jj,dt,nn,dt,nn,description
bakit,vb,dt,nn,cc,vb,description
paano,pr,nn,description
paano,rb,description
paano,pr,rb,dt,nn,rb,vb,nn,description
kailan,vb,dt,nn,pr,nn,description
kailan,dt,nn,nn,description
sino,dt,nn,description
bakit,rb,pr,rb,vb,description
paano,rb,dt,nn,description
kailan,vb,dt,nn,vb,cc,vb,description
sino,dt,nn,cc,nn,nn,nn,description
ano,dt,vb,pr,rb,description
ano,nn,vb,vb,cc,pr,vb,description
bakit,pr,vb,pr,description
bakit,pr,pr,vb,description
bakit,vb,pr,vb,description
paano,pr,vb,vb,dt,dt,nn,pr,description
paano,pr,vb,dt,pr,dt,nn,description
paano,pr,vb,description
ano,dt,vb,cc,nn,vb,description
ano,dt,jj,jj,rb,rb,nn,nn,pr,description
anu-ano,dt,dt,nn,pr,vb,cc,nn,description
bakit,jj,vb,pr,description
bakit,rb,jj,dt,nn,description
bakit,vb,vb,rb,description
paano,rb,vb,cc,nn,rb,rb,description
paano,rb,dt,nn,description
paano,pr,vb,jj,pr,rb,description
ano,dt,vb,pr,vb,description
ano,dt,vb,pr,jj,description
ano,rb,dt,nn,cc,nn,description
bakit,rb,pr,rb,description
kailan,dt,vb,nn,lm,jj,cc,nn,description
bakit,rb,rb,rb,rb,rb,pr,lm,rb,rb,rb,description
paano,pr,pr,vb,pr,vb,description
paano,rb,rb,description
paano,rb,pr,nn,cc,nn,pr,cc,nn,vb,dt,nn,nn,description
kailan,rb,rb,pr,vb,pr,description
kailan,pr,rb,vb,cc,dt,nn,pr,lm,vb,nn,cc,pr,description
kailan,pr,rb,vb,dt,vb,nn,description
sino,rb,rb,pr,cc,nn,pr,description
saan,pr,vb,vb,description
bakit,pr,pr,vb,nn,description
bakit,vb,pr,cc,nn,cc,vb,description
bakit,pr,dt,nn,pr,description
paano,pr,pr,vb,description
paano,pr,vb,description
paano,rb,pr,vb,description
ano,dt,vb,pr,description
bakit,pr,pr,vb,description
bakit,pr,dt,vb,pr,description
bakit,pr,vb,description
paano,pr,nn,dt,dt,nn,vb,cd,description
paano,pr,vb,nn,cc,jj,cc,description
paano,pr,nn,dt,vb,vb,cc,nn,vb,pr,description
bakit,pr,pr,vb,cc,pr,description
paano,rb,rb,description
ano,dt,vb,pr,vb,description
ano,dt,nn,cc,vb,vb,description
ano,dt,nn,vb,pr,vb,description
bakit,rb,pr,vb,pr,description
bakit,rb,vb,pr,rb,pr,vb,description
bakit,rb,pr,vb,description
bakit,rb,pr,vb,description
paano,cc,dt,dt,nn,vb,description
paano,cc,dt,dt,nn,pr,rb,vb,description
paano,rb,dt,nn,description
paano,rb,dt,nn,rb,rb,pr,rb,description
alin,rb,cc,cd,description
alin,cc,dt,pr,description
alin,dt,nn,description
alin,pr,description
saan,rb,rb,vb,description
saan,rb,vb,nn,description
ano,dt,vb,pr,description
bakit,pr,pr,vb,description
bakit,pr,dt,vb,pr,description
bakit,pr,vb,description
paano,pr,nn,dt,dt,nn,vb,cd,description
paano,pr,vb,nn,cc,jj,cc,description
paano,pr,nn,dt,vb,vb,cc,nn,vb,pr,description
ano,dt,vb,pr,description
ano,dt,vb,pr,vb,pr,lm,vb,description
bakit,pr,vb,cc,description
bakit,pr,dt,vb,pr,cc,vb,pr,description
bakit,vb,pr,vb,pr,jj,nn,description
paano,pr,vb,cc,pr,cc,rb,dt,description
paano,pr,nn,description
kailan,pr,vb,description
kailan,pr,vb,description
kailan,pr,vb,description
saan,pr,vb,description
saan,pr,vb,description
bakit,pr,pr,vb,description
bakit,pr,vb,description
bakit,pr,vb,description
paano,pr,pr,vb,description
paano,pr,vb,dt,nn,description
paano,pr,vb,dt,nn,description
bakit,jj,dt,nn,description
bakit,rb,pr,vb,cc,vb,description
bakit,jj,pr,description
paano,rb,dt,dt,nn,description
paano,rb,dt,nn,description
paano,pr,vb,description
alin,cc,nn,dt,nn,pr,description
bakit,cc,vb,pr,vb,cd,vb,description
bakit,dt,nn,vb,rb,vb,nn,pr,pr,description
bakit,vb,pr,vb,cc,pr,vb,pr,nn,cc,cd,pr,rb,description
paano,pr,vb,pr,nn,pr,cc,pr,description
paano,pr,vb,dt,nn,cc,nn,pr,description
paano,rb,vb,dt,nn,description
ano,dt,vb,vb,cc,vb,description
ano,dt,vb,pr,description
bakit,nn,pr,nn,rb,dt,vb,nn,description
bakit,cc,vb,cd,vb,pr,vb,description
bakit,cc,vb,nn,cc,nn,nn,pr,rb,description
paano,pr,vb,dt,vb,pr,description
paano,rb,rb,dt,jj,description
paano,rb,rb,cc,nn,description
kailan,pr,rb,pr,vb,cc,nn,description
saan,pr,rb,jj,pr,description
bakit,pr,vb,pr,cc,vb,pr,vb,description
paano,pr,vb,dt,dt,nn,pr,cc,nn,description
paano,pr,pr,vb,cc,vb,pr,cc,nn,description
saan,pr,rb,rb,rb,pr,description
bakit,rb,nn,description
bakit,rb,nn,dt,nn,description
bakit,pr,dt,vb,cc,nn,description
paano,pr,vb,dt,nn,vb,description
paano,pr,vb,dt,nn,pr,cc,nn,description
paano,rb,vb,cc,nn,nn,description
alin,pr,dt,vb,pr,vb,pr,description
saan,rb,rb,pr,jj,cc,nn,rb,description
ano,dt,vb,pr,cc,nn,dt,nn,cc,vb,cc,vb,pr,nn,description
ano,dt,vb,vb,dt,vb,vb,cc,pr,nn,description
bakit,vb,vb,cc,dt,nn,dt,nn,dt,nn,nn,description
bakit,vb,dt,nn,rb,rb,vb,cc,nn,description
bakit,rb,vb,cc,nn,vb,dt,dt,nn,nn,description
paano,rb,rb,dt,dt,nn,cc,nn,dt,nn,description
paano,vb,dt,nn,description
paano,rb,dt,nn,cc,dt,nn,description
bakit,rb,rb,vb,pr,description
bakit,pr,pr,vb,description
bakit,vb,pr,vb,cc,nn,description
paano,pr,rb,dt,pr,nn,description
paano,pr,rb,rb,vb,dt,pr,cc,pr,description
paano,pr,vb,description
bakit,pr,dt,nn,pr,description
bakit,vb,pr,pr,description
paano,rb,pr,vb,description
paano,rb,rb,description
bakit,vb,vb,pr,pr,description
bakit,nn,description
bakit,rb,pr,rb,description
paano,rb,rb,description
paano,rb,dt,nn,description
paano,rb,description
bakit,vb,pr,vb,description
bakit,rb,pr,vb,description
bakit,pr,vb,description
paano,pr,pr,vb,description
paano,pr,vb,pr,description
paano,pr,pr,vb,description
bakit,pr,pr,vb,description
bakit,rb,pr,pr,vb,description
bakit,rb,vb,vb,rb,cc,rb,vb,pr,rb,rb,vb,description
paano,pr,vb,vb,nn,description
paano,rb,dt,nn,description
paano,pr,jj,cc,nn,description
saan,pr,vb,description
saan,pr,description
saan,pr,cc,nn,cc,rb,pr,description
ano,dt,nn,pr,vb,description
anu-ano,dt,dt,rb,pr,cc,nn,cc,nn,description
bakit,vb,pr,pr,jj,vb,pr,cc,vb,vb,pr,pr,description
bakit,rb,rb,dt,nn,vb,cc,lm,rb,nn,description
bakit,rb,rb,rb,description
paano,pr,vb,cc,nn,cc,rb,description
paano,rb,dt,nn,pr,description
paano,rb,rb,dt,nn,nn,cc,nn,description
kailan,pr,vb,cc,nn,description
saan,rb,dt,nn,vb,description
saan,vb,dt,dt,vb,pr,description
ano,dt,vb,pr,description
ano,rb,dt,vb,pr,description
bakit,dt,nn,pr,description
bakit,jj,pr,pr,description
bakit,jj,pr,vb,rb,description
paano,rb,rb,cc,nn,description
paano,rb,dt,nn,description
paano,rb,pr,vb,description
kailan,rb,dt,nn,vb,description
kailan,pr,vb,dt,nn,pr,cc,pr,description
ano,dt,nn,cc,nn,description
ano,dt,vb,pr,cc,nn,pr,rb,description
ano,dt,vb,pr,cc,nn,cc,nn,dt,vb,pr,description
ano,rb,rb,pr,nn,description
bakit,dt,nn,pr,rb,description
bakit,jj,pr,nn,description
bakit,vb,pr,rb,description
bakit,vb,pr,description
bakit,jj,dt,nn,description
paano,rb,pr,nn,cc,pr,description
paano,rb,rb,vb,dt,dt,nn,description
paano,rb,pr,nn,vb,description
paano,pr,description
paano,pr,vb,jj,description
kailan,rb,pr,vb,rb,description
kailan,rb,pr,jj,rb,description
saan,pr,rb,jj,pr,description
saan,pr,vb,description
ano,rb,dt,nn,pr,cc,dt,vb,pr,description
anong,dt,nn,dt,jj,pr,vb,description
bakit,rb,jj,pr,description
bakit,rb,pr,rb,vb,description
bakit,pr,rb,vb,description
paano,pr,vb,dt,nn,cc,nn,description
paano,rb,vb,cc,nn,description
paano,rb,pr,nn,cc,nn,pr,nn,description
ano,rb,vb,pr,description
ano,rb,vb,pr,description
bakit,pr,pr,vb,description
bakit,pr,nn,description
bakit,cc,nn,nn,cc,nn,pr,rb,description
paano,rb,description
paano,rb,vb,description
paano,rb,vb,description
kailan,pr,vb,description
kailan,pr,rb,vb,pr,description
kailan,rb,vb,dt,pr,description
saan,pr,vb,description
saan,pr,vb,description
ano,dt,vb,nn,dt,vb,pr,description
ano,dt,vb,vb,cc,cd,vb,pr,cc,cd,nn,cc,nn,description
bakit,rb,vb,vb,cc,pr,nn,description
bakit,dt,nn,vb,cc,dt,nn,cc,nn,description
bakit,rb,nn,lm,vb,rb,rb,pr,cc,dt,nn,cc,rb,vb,nn,description
paano,pr,vb,dt,nn,rb,vb,nn,cc,jj,nn,cc,nn,pr,description
paano,pr,rb,dt,nn,cc,nn,description
paano,rb,rb,cc,jj,description
kailan,pr,rb,jj,dt,rb,cc,nn,description
kailan,rb,pr,vb,cc,nn,description
sino,dt,nn,nn,nn,nn,description
bakit,rb,pr,vb,description
ano,dt,nn,pr,vb,description
ano,dt,vb,pr,vb,description
bakit,pr,jj,description
bakit,vb,dt,nn,vb,cc,pr,nn,description
bakit,vb,vb,description
paano,rb,rb,dt,nn,description
paano,rb,rb,rb,description
paano,rb,cc,nn,rb,pr,description
kailan,rb,pr,vb,description
kailan,vb,dt,nn,description
kailan,vb,pr,dt,nn,description
ano,dt,vb,nn,cc,nn,pr,description
bakit,pr,pr,vb,description
bakit,pr,pr,nn,description
bakit,vb,pr,pr,description
paano,pr,jj,dt,nn,vb,description
paano,rb,cc,nn,description
paano,pr,pr,vb,nn,description
kailan,pr,vb,pr,description
kailan,pr,rb,jj,description
ano,dt,vb,vb,cc,nn,cc,nn,description
bakit,jj,dt,nn,description
bakit,vb,dt,nn,rb,rb,description
bakit,vb,nn,dt,jj,dt,nn,description
paano,rb,dt,vb,cc,nn,description
paano,rb,cc,nn,description
paano,rb,rb,dt,nn,description
kailan,rb,vb,vb,dt,nn,description
kailan,rb,vb,dt,nn,description
sino,dt,nn,description
saan,dt,nn,cc,nn,nn,description
ano,cc,nn,dt,nn,vb,description
ano,dt,vb,vb,cc,jj,description
bakit,pr,vb,cc,nn,description
bakit,vb,dt,dt,vb,description
bakit,jj,dt,nn,description
paano,rb,dt,pr,nn,description
paano,rb,cc,jj,cc,jj,description
paano,rb,dt,nn,description
bakit,pr,pr,vb,cc,pr,description
paano,rb,rb,description
bakit,rb,pr,vb,pr,description
bakit,rb,vb,pr,rb,pr,vb,description
bakit,rb,pr,vb,description
bakit,rb,pr,vb,description
paano,cc,dt,dt,nn,vb,description
paano,cc,dt,dt,nn,pr,rb,vb,description
paano,rb,dt,nn,description
paano,rb,dt,nn,rb,rb,pr,rb,description
saan,rb,rb,vb,description
saan,rb,vb,nn,description
saan,rb,vb,vb,description
ano,dt,vb,pr,description
bakit,pr,pr,vb,description
bakit,pr,dt,vb,pr,description
bakit,pr,vb,description
paano,pr,nn,dt,dt,nn,vb,cd,description
paano,pr,vb,nn,cc,jj,cc,description
paano,pr,nn,dt,vb,vb,cc,nn,vb,pr,description
kailan,pr,vb,dt,nn,rb,cc,pr,description
kailan,pr,vb,dt,nn,pr,cc,nn,pr,description
ano,dt,vb,pr,description
bakit,pr,vb,cc,description
bakit,pr,dt,vb,pr,cc,vb,pr,description
bakit,vb,pr,vb,pr,jj,nn,description
paano,pr,vb,cc,pr,cc,rb,dt,description
paano,pr,vb,description
paano,pr,nn,description
kailan,pr,vb,description
kailan,pr,vb,description
kailan,pr,vb,description
sino,pr,description
saan,pr,vb,description
saan,pr,vb,description
saan,cc,pr,vb,description
bakit,pr,pr,vb,description
bakit,pr,vb,description
bakit,pr,vb,description
paano,pr,pr,vb,description
paano,pr,vb,dt,nn,description
paano,pr,vb,dt,nn,description
sino,pr,rb,description
bakit,jj,dt,nn,description
bakit,rb,pr,vb,cc,vb,description
bakit,jj,pr,description
paano,rb,dt,dt,nn,description
paano,rb,dt,nn,description
paano,pr,vb,description
ano,rb,dt,nn,pr,cc,rb,pr,description
bakit,cc,vb,pr,vb,cd,vb,description
bakit,dt,nn,vb,rb,vb,nn,pr,pr,description
bakit,vb,pr,vb,cc,pr,vb,pr,nn,cc,cd,pr,rb,description
paano,pr,vb,pr,nn,pr,cc,pr,description
paano,pr,vb,dt,nn,cc,nn,pr,description
paano,rb,vb,dt,nn,description
kailan,rb,vb,dt,nn,dt,vb,nn,description
kailang,rb,pr,vb,cc,jj,nn,cc,jj,cc,nn,description
ano,dt,vb,vb,cc,vb,description
ano,dt,vb,pr,description
bakit,nn,pr,nn,rb,dt,vb,nn,description
bakit,cc,vb,cd,vb,pr,vb,description
bakit,cc,vb,nn,cc,nn,nn,pr,rb,description
paano,pr,vb,dt,vb,pr,description
paano,rb,rb,dt,jj,description
paano,rb,rb,cc,nn,description
kailan,rb,vb,pr,description
kailan,pr,rb,pr,vb,description
kailan,pr,rb,pr,vb,cc,nn,description
bakit,pr,vb,pr,cc,vb,pr,vb,description
bakit,vb,pr,vb,cc,nn,cc,nn,description
bakit,vb,pr,nn,nn,cc,nn,description
paano,pr,vb,dt,dt,nn,cc,pr,description
paano,pr,vb,dt,dt,nn,pr,cc,nn,description
paano,pr,pr,vb,cc,vb,pr,cc,nn,description
kailan,pr,rb,vb,cc,nn,nn,cc,vb,pr,description
saan,pr,rb,rb,rb,pr,description
bakit,rb,nn,description
bakit,rb,nn,dt,nn,description
bakit,pr,dt,vb,cc,nn,description
paano,pr,vb,dt,nn,vb,description
paano,pr,vb,dt,nn,pr,cc,nn,description
paano,rb,vb,cc,nn,nn,description
sino,rb,pr,description
ano,dt,vb,pr,cc,nn,dt,nn,cc,vb,cc,vb,pr,nn,description
ano,dt,vb,vb,dt,vb,vb,cc,pr,nn,description
bakit,vb,vb,cc,dt,nn,dt,nn,dt,nn,nn,description
bakit,vb,dt,nn,rb,rb,vb,cc,nn,description
bakit,rb,vb,cc,nn,vb,dt,dt,nn,nn,description
paano,rb,rb,dt,dt,nn,cc,nn,dt,nn,description
paano,vb,dt,nn,description
paano,rb,dt,nn,cc,dt,nn,description
kailan,rb,rb,rb,rb,description
kailan,rb,vb,dt,vb,cc,nn,description
ano,rb,rb,nn,pr,cc,rb,pr,description
bakit,rb,rb,vb,pr,description
bakit,pr,pr,vb,description
bakit,vb,pr,vb,cc,nn,description
paano,pr,rb,rb,vb,dt,pr,cc,pr,description
paano,pr,vb,description
kailan,rb,rb,pr,vb,jj,description
sino,rb,rb,pr,cc,nn,pr,description
bakit,pr,dt,nn,pr,description
bakit,vb,pr,pr,description
paano,rb,pr,vb,description
paano,rb,rb,description
kailan,pr,vb,dt,jj,pr,nn,description
sino,rb,rb,pr,cc,nn,pr,description
saan,rb,vb,dt,nn,nn,description
bakit,vb,vb,pr,pr,description
bakit,nn,description
paano,rb,rb,description
paano,rb,description
paano,rb,dt,nn,description
ano,dt,description
bakit,vb,pr,vb,description
bakit,rb,pr,vb,description
bakit,pr,vb,description
paano,pr,pr,vb,description
paano,pr,vb,pr,description
paano,pr,pr,vb,description
kailan,pr,rb,vb,cc,rb,description
kailan,pr,vb,description
ano,rb,nn,cc,nn,description
anong,nn,cc,nn,cc,rb,pr,description
bakit,pr,pr,vb,description
bakit,rb,pr,pr,vb,description
bakit,rb,vb,vb,rb,cc,rb,vb,pr,rb,rb,vb,description
paano,pr,vb,vb,nn,description
paano,pr,jj,cc,nn,description
paano,rb,dt,nn,description
sino,pr,cc,vb,pr,description
sino,pr,cc,vb,pr,nn,description
alin,cc,dt,nn,nn,dt,rb,cc,nn,description
saan,pr,vb,description
saan,pr,description
ano,dt,nn,pr,vb,description
bakit,vb,pr,pr,jj,vb,pr,cc,vb,vb,pr,pr,description
bakit,rb,rb,dt,nn,vb,cc,lm,rb,nn,description
bakit,rb,rb,rb,description
paano,pr,vb,cc,nn,cc,rb,description
paano,rb,dt,nn,pr,description
paano,rb,rb,dt,nn,nn,cc,nn,description
kailan,vb,dt,nn,cc,pr,vb,dt,jj,cc,nn,pr,description
saan,vb,dt,dt,vb,pr,description
ano,rb,dt,vb,pr,description
bakit,dt,nn,pr,description
bakit,jj,pr,pr,description
bakit,jj,pr,vb,rb,description
paano,rb,rb,cc,nn,description
paano,rb,dt,nn,description
paano,rb,pr,vb,description
kailan,rb,pr,rb,cc,nn,description
kailan,pr,vb,dt,nn,pr,cc,pr,description
ano,dt,nn,cc,nn,description
ano,rb,rb,pr,nn,description
bakit,dt,nn,pr,rb,description
bakit,jj,pr,nn,description
bakit,vb,pr,rb,description
bakit,vb,pr,description
bakit,jj,dt,nn,description
paano,rb,pr,nn,cc,pr,description
paano,rb,rb,vb,dt,dt,nn,description
paano,rb,pr,nn,vb,description
paano,pr,description
paano,pr,vb,jj,description
kailan,rb,pr,vb,nn,description
kailan,rb,pr,vb,rb,description
kailan,rb,pr,jj,rb,description
bakit,vb,nn,pr,vb,description
saan,pr,vb,description
bakit,rb,jj,pr,description
bakit,rb,pr,rb,vb,description
bakit,pr,rb,vb,description
paano,pr,vb,dt,nn,cc,nn,description
paano,rb,vb,cc,nn,description
paano,rb,pr,nn,cc,nn,pr,nn,description
ano,rb,vb,pr,description
bakit,pr,pr,vb,description
bakit,pr,nn,description
bakit,cc,nn,nn,cc,nn,pr,rb,description
paano,rb,description
paano,rb,vb,description
paano,rb,vb,description
kailan,pr,rb,vb,pr,description
kailan,rb,vb,dt,pr,description
saan,pr,vb,description
saan,pr,vb,description
ano,dt,vb,vb,cc,cd,vb,pr,cc,cd,nn,cc,nn,description
bakit,rb,vb,vb,cc,pr,nn,description
bakit,dt,nn,vb,cc,dt,nn,cc,nn,description
bakit,rb,nn,lm,vb,rb,rb,pr,cc,dt,nn,cc,rb,vb,nn,description
paano,pr,vb,dt,nn,rb,vb,nn,cc,jj,nn,cc,nn,pr,description
paano,pr,rb,dt,nn,cc,nn,description
paano,rb,rb,cc,jj,description
kailan,pr,rb,jj,dt,rb,cc,nn,description
sino,dt,nn,nn,nn,nn,description
bakit,rb,pr,vb,description
ano,dt,vb,pr,vb,description
bakit,pr,jj,description
bakit,vb,dt,nn,vb,cc,pr,nn,description
bakit,vb,vb,description
paano,rb,rb,dt,nn,description
paano,rb,rb,rb,description
paano,rb,cc,nn,rb,pr,description
kailan,rb,pr,vb,description
kailan,vb,dt,nn,description
kailan,vb,pr,dt,nn,description
bakit,pr,pr,vb,description
bakit,pr,pr,nn,description
bakit,vb,pr,pr,description
paano,pr,jj,dt,nn,vb,description
paano,rb,cc,nn,description
paano,pr,pr,vb,nn,description
kailan,pr,rb,jj,description
ano,dt,vb,vb,cc,nn,cc,nn,description
bakit,jj,dt,nn,description
bakit,vb,dt,nn,rb,rb,description
bakit,vb,nn,dt,jj,dt,nn,description
paano,rb,dt,vb,cc,nn,description
paano,rb,cc,nn,description
paano,rb,rb,dt,nn,description
kailan,rb,vb,dt,nn,description
sino,dt,nn,description
saan,dt,nn,cc,nn,nn,description
ano,dt,vb,vb,cc,jj,description
bakit,pr,vb,cc,nn,description
bakit,vb,dt,dt,vb,description
bakit,jj,dt,nn,description
paano,rb,dt,pr,nn,description
paano,rb,cc,jj,cc,jj,description
paano,rb,dt,nn,description
bakit,pr,vb,description
bakit,rb,rb,vb,pr,rb,rb,description
bakit,cc,pr,description
paano,rb,dt,nn,description
paano,rb,rb,cc,pr,description
paano,rb,jj,cc,pr,pr,description
kailan,pr,vb,cc,nn,description
kailan,pr,vb,cc,rb,cc,pr,description
ano,rb,vb,pr,nn,description
bakit,rb,pr,vb,description
bakit,rb,rb,cc,vb,dt,nn,nn,pr,description
bakit,dt,nn,cc,nn,pr,description
paano,pr,vb,dt,nn,pr,description
paano,pr,vb,vb,dt,nn,nn,description
paano,cc,pr,description
kailan,rb,rb,vb,dt,vb,nn,description
kailan,rb,vb,dt,nn,vb,cc,vb,description
ano,vb,vb,cc,nn,description
ano,dt,nn,pr,vb,cc,nn,description
bakit,nn,vb,nn,rb,vb,description
sino,rb,rb,pr,pr,rb,vb,nn,nn,description
bakit,pr,vb,description
paano,rb,nn,cc,vb,description
paano,rb,dt,nn,cc,nn,cc,vb,description
paano,rb,pr,nn,description
kailan,rb,vb,dt,nn,description
sino,rb,dt,nn,description
bakit,pr,rb,description
bakit,pr,nn,vb,cc,pr,description
bakit,cc,vb,nn,pr,rb,description
paano,rb,dt,nn,description
paano,vb,pr,lm,jj,description
paano,rb,pr,cc,pr,lm,nn,rb,description
saan,pr,vb,description
saan,rb,pr,vb,vb,description
ano,dt,vb,vb,cc,nn,description
ano,dt,vb,cc,pr,description
ano,dt,vb,vb,cc,nn,description
bakit,dt,vb,vb,dt,nn,nn,description
bakit,rb,rb,pr,cc,pr,description
bakit,nn,description
paano,rb,dt,nn,description
paano,rb,dt,nn,description
paano,rb,cc,vb,vb,description
kailan,pr,vb,jj,description
kailan,pr,vb,cc,vb,description
sino,dt,nn,nn,description
saan,vb,dt,nn,description
ano,dt,vb,pr,description
bakit,rb,rb,pr,rb,description
paano,rb,rb,description
kailan,pr,rb,pr,vb,description
ano,dt,vb,vb,cc,nn,description
ano,rb,rb,dt,nn,rb,description
bakit,rb,rb,rb,vb,description
bakit,vb,pr,pr,description
bakit,jj,description
paano,rb,rb,pr,description
paano,rb,vb,pr,pr,description
paanong,rb,pr,description
kailan,dt,nn,description
bakit,pr,dt,nn,description
paano,rb,rb,pr,description
bakit,vb,nn,cc,nn,description
bakit,jj,jj,dt,vb,description
bakit,jj,cc,nn,nn,pr,dt,nn,description
paano,rb,dt,nn,description
paano,rb,dt,nn,description
paano,rb,cc,nn,description
kailan,nn,dt,nn,description
kailan,vb,dt,dt,jj,description
sino,pr,cc,nn,description
bakit,pr,rb,rb,pr,vb,description
paano,rb,rb,description
bakit,pr,rb,pr,vb,description
paano,pr,nn,description
ano,dt,vb,vb,cc,nn,description
bakit,rb,jj,dt,nn,rb,description
bakit,rb,vb,dt,nn,vb,description
bakit,rb,vb,dt,nn,description
paano,rb,vb,cc,jj,description
paano,rb,vb,cc,jj,description
paano,rb,vb,cc,jj,description
ano,dt,vb,pr,rb,vb,description
ano,dt,vb,pr,rb,vb,description
bakit,rb,pr,nn,cc,nn,pr,description
bakit,rb,nn,description
bakit,jj,dt,nn,description
paano,vb,cc,nn,description
paano,rb,rb,description
paano,rb,rb,cc,nn,description
alin,dt,jj,jj,vb,description
ano,dt,vb,vb,cc,nn,description
bakit,nn,cc,vb,cc,nn,description
bakit,dt,nn,cc,nn,nn,nn,cc,nn,vb,vb,description
bakit,rb,rb,rb,rb,rb,rb,dt,nn,cc,pr,lm,vb,description
paano,rb,dt,nn,description
paano,rb,cc,nn,dt,nn,description
paano,rb,pr,cc,nn,dt,dt,nn,description
ano,dt,nn,cc,nn,vb,description
bakit,vb,dt,nn,description
bakit,dt,nn,dt,vb,nn,cc,nn,description
bakit,nn,jj,dt,nn,description
paano,rb,dt,dt,nn,description
paano,rb,dt,nn,cc,nn,description
paano,rb,cc,nn,cc,vb,nn,description
ano,rb,pr,cc,nn,pr,description
bakit,rb,dt,nn,pr,description
paano,rb,dt,nn,description
kailan,pr,description
sino,rb,pr,cc,nn,pr,description
saan,pr,vb,dt,nn,description
bakit,pr,vb,description
bakit,jj,pr,description
bakit,jj,description
paano,rb,description
paano,pr,vb,description
paano,pr,vb,description
ano,dt,nn,rb,rb,rb,description
ano,rb,pr,cc,nn,pr,description
ano,rb,dt,vb,vb,cc,nn,description
bakit,pr,pr,vb,description
bakit,nn,rb,pr,vb,description
bakit,pr,cc,vb,vb,pr,description
paano,pr,rb,rb,cc,nn,pr,description
paano,pr,vb,cc,jj,cc,pr,cc,pr,description
paano,pr,vb,cc,nn,cc,nn,cc,pr,description
ano,dt,vb,vb,cc,nn,description
bakit,pr,pr,vb,description
paano,pr,rb,pr,vb,cc,nn,pr,vb,description
ano,rb,dt,vb,cc,nn,nn,description
bakit,vb,pr,vb,cc,nn,description
bakit,vb,dt,nn,description
bakit,rb,vb,pr,vb,cc,nn,description
paano,pr,vb,pr,description
paano,rb,nn,description
paano,vb,pr,description
kailan,rb,pr,vb,jj,description
sino,dt,nn,nn,description
saan,rb,vb,dt,nn,description
ano,dt,vb,pr,description
bakit,pr,vb,rb,description
bakit,rb,pr,nn,description
bakit,pr,nn,vb,description
paano,pr,vb,description
paano,rb,dt,nn,description
paano,cc,description
ano,rb,dt,vb,pr,cc,nn,pr,description
bakit,rb,rb,description
bakit,jj,dt,nn,vb,description
bakit,dt,vb,pr,lm,vb,jj,cc,pr,description
paano,pr,vb,cc,vb,description
paano,rb,vb,dt,nn,nn,description
paano,pr,vb,dt,vb,nn,description
ano,pr,cc,nn,pr,description
ano,rb,dt,vb,pr,vb,description
bakit,pr,dt,vb,pr,description
bakit,jj,dt,nn,description
bakit,rb,pr,vb,cc,vb,nn,description
paano,rb,nn,description
paano,pr,nn,description
paano,rb,cc,nn,description
kailan,pr,pr,vb,description
kailan,pr,vb,jj,description
ano,pr,cc,nn,pr,description
ano,rb,dt,vb,pr,vb,description
bakit,pr,dt,vb,pr,description
bakit,jj,dt,nn,description
bakit,rb,pr,vb,cc,vb,nn,description
paano,rb,nn,description
paano,pr,nn,description
paano,rb,cc,nn,description
kailan,pr,pr,vb,description
anong,vb,pr,nn,description
ano,rb,vb,pr,description
bakit,rb,pr,rb,vb,cc,nn,pr,description
bakit,nn,description
bakit,pr,pr,vb,description
paano,rb,pr,nn,description
paano,rb,vb,cc,nn,description
paano,pr,rb,vb,pr,description
bakit,pr,pr,vb,description
bakit,pr,nn,vb,pr,description
bakit,pr,pr,vb,description
paano,pr,rb,dt,pr,dt,nn,description
paano,pr,vb,pr,description
paano,pr,vb,dt,nn,description
kailan,rb,pr,vb,vb,description
sino,pr,cc,nn,description
saan,nn,pr,vb,description
ano,cc,vb,dt,nn,description
ano,rb,dt,vb,pr,vb,description
bakit,pr,vb,description
bakit,pr,rb,vb,pr,description
bakit,pr,rb,description
paano,pr,rb,vb,description
paano,rb,cc,jj,description
paano,rb,vb,pr,description
bakit,pr,vb,description
bakit,pr,vb,dt,nn,description
bakit,pr,vb,dt,nn,description
paano,pr,vb,dt,nn,description
paano,pr,vb,dt,nn,pr,description
paano,pr,vb,dt,nn,description
kailan,pr,pr,vb,description
sino,pr,description
bakit,pr,rb,vb,description
paano,dt,nn,description
kailan,pr,rb,vb,jj,description
ano,dt,nn,cc,nn,pr,cc,nn,nn,description
ano,dt,nn,cc,nn,description
bakit,rb,pr,rb,description
bakit,vb,vb,vb,dt,pr,description
bakit,rb,rb,dt,nn,nn,cc,nn,nn,description
paano,rb,rb,description
paano,rb,dt,jj,nn,cc,nn,cc,cd,nn,description
paano,rb,rb,rb,rb,nn,nn,description
kailan,rb,vb,dt,vb,nn,description
kailan,rb,pr,nn,cc,jj,pr,description
kailan,rb,jj,dt,dt,nn,cc,vb,description
ano,dt,nn,vb,description
ano,cc,nn,dt,nn,description
ano,dt,pr,nn,description
ano,dt,nn,dt,nn,nn,cc,nn,pr,description
bakit,rb,pr,vb,cc,nn,pr,description
bakit,jj,dt,nn,rb,vb,pr,pr,description
bakit,nn,pr,nn,description
bakit,rb,rb,rb,rb,description
bakit,nn,dt,nn,description
paano,vb,cc,nn,description
paano,rb,cc,nn,description
paano,rb,cc,nn,description
paano,rb,dt,nn,description
paano,rb,cc,nn,description
kailan,dt,nn,nn,description
ano,rb,dt,nn,pr,cc,nn,pr,description
ano,rb,dt,vb,pr,description
ano,dt,vb,pr,vb,description
bakit,pr,rb,jj,vb,pr,description
bakit,vb,pr,vb,cc,vb,pr,cc,description
bakit,rb,vb,pr,dt,pr,description
paano,pr,vb,dt,pr,cc,vb,pr,description
paano,pr,nn,pr,description
paano,pr,rb,rb,rb,pr,dt,vb,jj,cc,nn,description
kailan,pr,vb,cc,vb,vb,cc,dt,nn,pr,description
sino,rb,pr,cc,nn,pr,description
sino,rb,vb,pr,description
ano,dt,vb,pr,cc,nn,description
ano,dt,vb,pr,vb,cc,vb,vb,cc,pr,description
ano,rb,dt,nn,nn,cc,nn,cc,pr,description
bakit,jj,pr,vb,rb,rb,rb,dt,vb,pr,description
bakit,rb,dt,nn,description
bakit,pr,vb,rb,vb,jj,vb,rb,cc,pr,description
paano,pr,vb,cc,nn,pr,cc,vb,pr,pr,description
paano,pr,jj,nn,description
paano,pr,vb,rb,nn,cc,pr,cc,nn,pr,description
bakit,rb,nn,vb,description
bakit,rb,pr,pr,vb,description
bakit,pr,dt,vb,pr,description
paano,pr,vb,cc,vb,pr,pr,description
paano,rb,cc,nn,description
paano,pr,pr,vb,description
kailan,pr,pr,vb,description
kailan,pr,rb,pr,vb,description
kailan,pr,rb,rb,pr,description
bakit,jj,dt,nn,description
bakit,pr,vb,cc,nn,description
bakit,vb,pr,vb,description
paano,pr,vb,vb,pr,pr,description
paano,pr,rb,vb,dt,vb,pr,cc,nn,description
paano,rb,pr,vb,description
kailan,pr,vb,description
kailan,pr,vb,description
ano,dt,nn,cc,nn,pr,description
bakit,jj,pr,vb,description
bakit,pr,dt,vb,pr,description
bakit,vb,pr,description
paano,rb,vb,description
paano,pr,description
paano,pr,vb,nn,description
ano,dt,nn,cc,nn,nn,description
ano,dt,vb,pr,nn,cc,nn,pr,description
ano,dt,nn,rb,vb,description
bakit,rb,dt,nn,nn,description
bakit,rb,dt,nn,cc,dt,nn,description
bakit,rb,rb,cc,jj,description
paano,rb,jj,dt,nn,description
paano,vb,cc,nn,nn,description
paano,rb,rb,rb,rb,description
ano,dt,nn,pr,cc,nn,description
ano,dt,vb,pr,description
bakit,pr,pr,description
bakit,vb,dt,pr,description
bakit,pr,dt,pr,pr,description
paano,rb,pr,description
paano,rb,cc,nn,nn,cc,nn,description
paano,rb,rb,rb,rb,rb,description
bakit,rb,dt,nn,pr,description
bakit,jj,dt,nn,pr,description
bakit,pr,vb,description
paano,pr,nn,rb,vb,pr,rb,rb,pr,vb,dt,nn,description
paano,pr,rb,dt,nn,nn,pr,description
paano,rb,vb,description
ano,dt,nn,vb,cc,nn,description
bakit,jj,dt,nn,cc,nn,description
bakit,rb,pr,nn,rb,cc,dt,vb,description
bakit,jj,rb,rb,dt,nn,nn,description
paano,rb,rb,dt,nn,description
paano,rb,dt,nn,description
paano,dt,nn,nn,description
alin,cc,dt,nn,dt,vb,description
ano,rb,dt,vb,pr,vb,cc,nn,cc,pr,description
ano,rb,rb,pr,cc,nn,pr,description
bakit,jj,dt,nn,pr,description
bakit,vb,pr,pr,description
bakit,pr,dt,vb,pr,description
paano,rb,dt,nn,description
paano,pr,jj,dt,pr,cc,pr,description
paano,rb,rb,vb,pr,cc,nn,pr,description
sino,pr,cc,nn,pr,description
alin,dt,jj,jj,vb,pr,description
alin,dt,jj,jj,dt,vb,vb,description
ano,dt,vb,pr,vb,description
ano,pr,description
bakit,pr,pr,vb,description
bakit,vb,pr,vb,cc,nn,pr,description
bakit,pr,jj,cc,pr,description
paano,pr,pr,vb,vb,description
paano,pr,vb,dt,vb,vb,description
paano,rb,rb,description
sino,rb,rb,nn,cc,nn,pr,description
sino,dt,vb,pr,jj,pr,description
sino,pr,description
alin,cc,dt,nn,nn,dt,vb,pr,description
alin,dt,jj,vb,vb,pr,cc,pr,description
ano,rb,rb,pr,description
ano,cc,nn,pr,dt,vb,description
bakit,jj,dt,nn,pr,description
bakit,dt,nn,cc,jj,description
bakit,dt,nn,pr,vb,description
paano,pr,pr,vb,description
paano,pr,vb,description
paano,cc,description
sino,rb,dt,vb,pr,jj,pr,description
bakit,rb,pr,vb,description
bakit,vb,pr,nn,dt,pr,nn,description
bakit,dt,nn,pr,nn,description
paano,rb,dt,nn,description
paano,pr,vb,cc,rb,dt,vb,pr,description
paano,rb,vb,dt,vb,description
ano,dt,nn,cc,nn,description
bakit,pr,rb,pr,vb,description
paano,rb,description
ano,dt,vb,cc,nn,pr,rb,description
ano,dt,vb,pr,vb,cc,nn,description
ano,dt,nn,vb,pr,cc,pr,nn,description
bakit,jj,pr,jj,description
bakit,rb,rb,vb,pr,nn,cc,vb,jj,pr,cc,pr,description
bakit,jj,dt,dt,nn,cc,nn,description
paano,pr,vb,dt,pr,cc,nn,pr,description
paano,rb,rb,rb,rb,dt,nn,pr,pr,description
paano,rb,dt,nn,description
ano,dt,vb,pr,cc,pr,nn,description
ano,dt,vb,pr,cc,nn,description
bakit,rb,vb,nn,description
bakit,vb,pr,pr,vb,description
bakit,pr,dt,vb,pr,description
paano,pr,pr,nn,description
paano,pr,vb,dt,nn,pr,description
paano,pr,vb,dt,dt,nn,cc,nn,description
bakit,rb,rb,vb,pr,description
paano,rb,dt,dt,vb,cc,rb,rb,rb,pr,rb,description
kailan,pr,rb,pr,vb,description
ano,rb,pr,cc,pr,description
bakit,rb,rb,vb,pr,description
bakit,pr,vb,description
bakit,pr,vb,description
paano,rb,rb,pr,description
paano,rb,dt,nn,pr,description
paano,pr,vb,pr,description
sino,rb,rb,pr,description
sino,cc,nn,pr,description
sino,pr,rb,cc,nn,pr,description
ano,dt,nn,cc,nn,description
ano,dt,nn,cc,nn,pr,vb,description
ano,dt,vb,pr,cc,nn,cc,nn,nn,description
bakit,vb,dt,nn,nn,description
bakit,rb,pr,cc,nn,description
bakit,rb,rb,rb,dt,vb,description
paano,pr,rb,cc,pr,dt,jj,nn,rb,vb,nn,cc,pr,description
paano,rb,vb,cc,nn,cc,nn,description
paano,rb,rb,rb,rb,rb,description
alin,cc,dt,pr,dt,vb,pr,vb,description
ano,dt,dt,nn,cc,nn,vb,nn,description
ano,dt,vb,cc,pr,nn,description
bakit,pr,rb,dt,nn,description
bakit,jj,dt,nn,cc,vb,nn,description
bakit,rb,dt,nn,description
paano,rb,cc,jj,description
paano,rb,vb,cc,nn,description
paano,vb,cc,vb,nn,description
ano,rb,rb,dt,nn,nn,cc,nn,pr,description
ano,dt,vb,cc,pr,nn,cc,nn,jj,nn,description
ano,dt,nn,cc,nn,description
ano,cc,vb,pr,dt,nn,vb,cc,nn,cc,nn,description
bakit,vb,vb,dt,dt,nn,rb,pr,nn,vb,description
bakit,rb,rb,cc,nn,cc,nn,description
bakit,vb,dt,nn,cc,dt,vb,nn,cc,cc,dt,nn,description
bakit,vb,cc,jj,nn,dt,jj,nn,description
paano,rb,vb,dt,rb,cc,vb,cc,pr,nn,description
paano,rb,rb,dt,nn,description
paano,pr,rb,rb,rb,pr,pr,description
paano,pr,vb,vb,cc,nn,nn,description
kailan,rb,rb,dt,nn,cc,vb,nn,cc,nn,description
kailan,rb,vb,dt,nn,vb,cc,pr,nn,description
sino,dt,vb,pr,description
ano,dt,nn,pr,cc,nn,pr,description
ano,dt,vb,cc,pr,description
ano,dt,vb,vb,cc,vb,pr,description
bakit,pr,rb,vb,description
bakit,pr,rb,vb,description
bakit,rb,rb,vb,cc,nn,dt,dt,nn,description
paano,pr,vb,description
paano,pr,vb,description
paano,rb,rb,pr,description
sino,rb,pr,entity
alin,pr,dt,vb,pr,entity
alin,rb,pr,entity
sino,rb,pr,entity
alin,cc,cd,dt,vb,pr,entity
alin,rb,pr,dt,nn,pr,entity
sino,dt,nn,pr,entity
alin,pr,dt,nn,entity
alin,pr,dt,rb,entity
alin,cc,dt,nn,dt,nn,rb,entity
alin,cc,vb,cd,dt,nn,pr,entity
alin,rb,dt,jj,jj,entity
alin,cc,dt,pr,dt,nn,pr,entity
ano,dt,nn,cc,nn,pr,entity
alin,cc,dt,nn,dt,vb,pr,entity
sino,cc,pr,dt,vb,jj,nn,entity
alin,cc,dt,nn,dt,vb,pr,entity
alin,pr,dt,jj,vb,entity
alin,rb,dt,jj,jj,cc,nn,pr,rb,entity
sino,dt,vb,nn,cc,nn,entity
alin,vb,dt,jj,vb,entity
alin,dt,nn,rb,rb,rb,entity
alin,rb,dt,nn,vb,pr,entity
sino,dt,jj,jj,entity
alin,cc,dt,nn,pr,dt,nn,pr,entity
alin,rb,dt,nn,nn,entity
alin,rb,dt,jj,jj,entity
bakit,rb,pr,pr,nn,entity
paano,pr,nn,dt,pr,entity
alin,cc,dt,pr,dt,vb,pr,entity
alin,dt,nn,entity
ano,dt,vb,pr,nn,cc,nn,entity
alin,dt,vb,pr,nn,entity
alin,dt,vb,nn,nn,entity
alin,dt,nn,pr,vb,entity
ano,dt,jj,jj,nn,nn,entity
ano,dt,jj,jj,cc,nn,dt,nn,entity
paano,pr,vb,dt,nn,cc,nn,cc,nn,entity
paano,pr,vb,dt,nn,nn,cc,pr,lm,entity
alin,dt,jj,jj,nn,entity
alin,dt,rb,rb,rb,dt,nn,vb,entity
bakit,cc,nn,pr,vb,entity
alin,dt,vb,pr,vb,entity
ano,dt,jj,jj,nn,dt,nn,entity
alin,nn,dt,nn,jj,cc,nn,cc,nn,entity
alin,rb,pr,dt,dt,nn,pr,entity
paano,pr,cc,nn,pr,entity
paano,pr,cc,vb,pr,entity
paano,pr,cc,jj,pr,entity
sino,pr,entity
sino,pr,entity
sino,pr,entity
alin,dt,nn,entity
alin,dt,rb,entity
alin,dt,rb,entity
anong,rb,rb,dt,vb,pr,entity
bakit,pr,vb,entity
bakit,jj,pr,vb,dt,nn,nn,entity
alin,cc,cd,dt,nn,pr,entity
alin,cc,dt,nn,cc,pr,dt,vb,entity
ano,dt,nn,pr,nn,entity
alin,dt,pr,vb,nn,entity
alin,dt,vb,cc,dt,vb,pr,entity
alin,rb,dt,nn,pr,entity
alin,dt,nn,entity
alin,dt,nn,entity
alin,pr,cc,cd,cc,nn,dt,vb,pr,entity
ano,dt,nn,pr,nn,entity
ano,dt,vb,nn,entity
alin,dt,jj,jj,nn,nn,nn,nn,entity
alin,dt,jj,jj,nn,entity
alin,dt,vb,pr,vb,vb,entity
sino,dt,vb,pr,nn,entity
alin,dt,jj,jj,nn,entity
alin,dt,vb,pr,nn,nn,entity
alin,dt,jj,jj,nn,entity
sino,dt,vb,nn,cc,nn,entity
alin,cc,dt,nn,pr,dt,jj,jj,pr,entity
ano,dt,nn,pr,nn,entity
ano,dt,nn,pr,nn,entity
paano,pr,vb,nn,pr,entity
paano,pr,vb,dt,nn,nn,pr,entity
sino,dt,nn,pr,entity
alin,dt,jj,vb,entity
alin,dt,jj,jj,pr,entity
aling,nn,dt,nn,pr,entity
alin,dt,nn,entity
alin,cc,cd,dt,jj,jj,pr,entity
alin,cc,dt,pr,dt,vb,pr,entity
alin,dt,rb,rb,rb,rb,rb,entity
ano,dt,nn,cc,pr,entity
alin,dt,cc,pr,entity
sino,dt,vb,nn,dt,vb,entity
alin,dt,jj,jj,dt,jj,cc,jj,entity
alin,rb,cc,dt,pr,dt,vb,pr,entity
alin,nn,dt,rb,pr,entity
alin,vb,pr,vb,cc,cd,pr,entity
aling,nn,dt,nn,cc,pr,entity
alin,rb,cc,nn,cc,pr,dt,nn,cc,nn,nn,entity
saan,rb,vb,pr,rb,rb,rb,entity
ano,dt,nn,cc,nn,jj,cc,nn,entity
alin,pr,dt,vb,pr,entity
alin,cc,dt,vb,dt,vb,pr,entity
alin,dt,vb,cc,cd,nn,entity
ano,dt,nn,cc,nn,pr,entity
ano,dt,vb,pr,jj,nn,entity
alin,pr,dt,vb,vb,entity
alin,cc,dt,nn,cc,pr,dt,nn,dt,nn,entity
alin,cc,dt,pr,dt,vb,dt,nn,entity
alin,dt,vb,pr,entity
alin,pr,dt,vb,pr,jj,entity
alin,cc,dt,vb,pr,dt,nn,entity
alin,cc,dt,vb,pr,dt,vb,pr,vb,entity
ano,dt,nn,cc,pr,nn,entity
ano,dt,rb,rb,cc,pr,entity
alin,dt,jj,jj,nn,cc,nn,entity
alin,dt,dt,nn,pr,vb,entity
alin,cc,pr,dt,nn,nn,entity
alin,dt,rb,rb,entity
ano,dt,pr,vb,entity
alin,cc,cd,nn,dt,jj,jj,pr,entity
alin,dt,vb,vb,entity
alin,dt,jj,jj,entity
alin,dt,jj,jj,pr,nn,entity
alin,cc,dt,nn,pr,dt,pr,nn,entity
alin,cc,dt,nn,dt,vb,pr,entity
alin,dt,nn,entity
alin,dt,nn,nn,nn,entity
alin,dt,jj,jj,entity
ano,dt,vb,cc,nn,pr,entity
ano,dt,nn,cc,nn,pr,entity
alin,cc,cd,nn,dt,vb,pr,entity
alin,cc,cd,nn,nn,vb,pr,entity
alin,cc,dt,nn,dt,vb,pr,entity
ano,dt,nn,pr,entity
sino,pr,nn,pr,entity
sino,dt,vb,pr,cc,pr,entity
sino,dt,vb,pr,vb,pr,entity
alin,dt,nn,nn,nn,nn,entity
alin,dt,nn,cc,vb,nn,nn,entity
alin,rb,cc,cd,vb,pr,rb,rb,rb,entity
ano,rb,rb,dt,nn,pr,cc,pr,entity
alin,cc,pr,dt,vb,pr,entity
ano,dt,vb,pr,vb,entity
ano,dt,nn,pr,entity
alin,dt,nn,nn,nn,nn,entity
alin,dt,nn,cc,vb,nn,nn,entity
alin,rb,cc,cd,vb,pr,rb,rb,rb,entity
ano,dt,nn,cc,nn,cc,rb,pr,entity
paano,pr,vb,entity
alin,dt,jj,jj,cc,vb,cd,entity
alin,cc,nn,dt,jj,vb,entity
alin,dt,vb,pr,entity
ano,dt,vb,pr,entity
alin,pr,dt,vb,pr,entity
alin,dt,nn,pr,entity
alin,dt,vb,pr,vb,entity
ano,vb,rb,dt,vb,pr,entity
anong,nn,dt,vb,pr,vb,entity
anong,nn,dt,nn,cc,nn,pr,entity
alin,pr,dt,vb,pr,entity
alin,cc,dt,nn,cc,pr,dt,vb,entity
ano,rb,dt,nn,pr,cc,rb,pr,entity
ano,dt,vb,vb,cc,vb,cc,nn,entity
ano,dt,nn,vb,cc,nn,pr,vb,nn,entity
sino,rb,rb,rb,dt,jj,rb,jj,dt,jj,nn,cc,jj,nn,entity
alin,rb,cc,dt,nn,dt,nn,cc,nn,entity
alin,cc,dt,nn,dt,vb,cc,nn,cc,nn,entity
ano,dt,nn,cc,nn,entity
kailan,pr,rb,pr,vb,entity
sino,dt,vb,pr,entity
alin,cc,dt,nn,cc,nn,nn,dt,vb,pr,entity
alin,cc,dt,nn,dt,jj,entity
ano,dt,nn,pr,nn,entity
ano,dt,nn,pr,rb,nn,entity
ano,rb,dt,nn,cc,nn,dt,nn,entity
sino,rb,pr,entity
alin,cc,dt,pr,dt,rb,cc,nn,pr,entity
ano,dt,nn,cc,nn,cc,vb,cc,vb,nn,entity
alin,cc,dt,nn,cc,nn,dt,vb,vb,cc,vb,dt,nn,entity
alin,pr,dt,nn,dt,vb,cc,rb,entity
saan,vb,dt,nn,entity
ano,rb,rb,dt,nn,pr,cc,pr,entity
ano,dt,vb,pr,jj,cc,nn,entity
ano,rb,rb,nn,pr,cc,rb,pr,entity
sino,rb,rb,pr,cc,nn,pr,entity
ano,dt,pr,nn,entity
ano,rb,rb,entity
sino,rb,rb,pr,cc,nn,pr,entity
alin,dt,nn,nn,nn,entity
alin,dt,nn,nn,nn,entity
ano,dt,nn,pr,entity
ano,dt,nn,pr,entity
ano,dt,nn,pr,entity
alin,rb,dt,jj,jj,entity
alin,cc,cd,entity
alin,dt,jj,jj,entity
ano,dt,nn,nn,entity
ano,dt,vb,pr,entity
ano,dt,entity
alin,cc,dt,nn,cc,jj,pr,dt,pr,vb,entity
alin,pr,dt,vb,vb,entity
alin,pr,dt,nn,entity
ano,rb,nn,cc,nn,entity
anong,nn,cc,nn,cc,rb,pr,entity
anong,rb,cc,vb,vb,entity
alin,cc,dt,nn,pr,dt,rb,pr,rb,entity
alin,cc,dt,nn,nn,dt,vb,pr,rb,entity
alin,cc,dt,nn,nn,dt,rb,cc,nn,entity
alin,dt,nn,pr,entity
anong,jj,pr,nn,entity
alin,pr,dt,vb,pr,entity
alin,nn,dt,nn,nn,entity
ano,rb,dt,rb,pr,cc,nn,nn,entity
alin,dt,jj,jj,nn,cc,nn,entity
alin,dt,jj,jj,dt,nn,entity
alin,dt,jj,jj,nn,nn,entity
alin,pr,dt,vb,pr,entity
alin,rb,cc,cd,nn,cc,pr,dt,jj,vb,entity
alin,nn,dt,vb,pr,cc,nn,entity
alin,dt,nn,entity
alin,pr,dt,nn,pr,entity
alin,rb,pr,dt,vb,dt,nn,entity
ano,dt,jj,jj,entity
alin,dt,jj,jj,nn,entity
alin,cc,cd,dt,jj,jj,nn,cc,nn,entity
alin,dt,jj,jj,entity
alin,cc,dt,nn,cc,pr,dt,nn,pr,entity
alin,cc,dt,nn,dt,nn,entity
alin,pr,dt,vb,pr,entity
ano,dt,nn,nn,entity
ano,dt,vb,vb,entity
alin,cc,dt,pr,dt,vb,pr,entity
alin,pr,dt,nn,entity
alin,dt,vb,entity
ano,dt,vb,nn,cc,nn,entity
ano,dt,nn,cc,nn,entity
alin,dt,jj,jj,nn,entity
alin,dt,jj,jj,nn,entity
alin,dt,rb,rb,rb,rb,entity
ano,dt,vb,nn,cc,nn,entity
ano,rb,rb,dt,nn,pr,cc,pr,entity
sino,pr,entity
ano,dt,vb,pr,vb,entity
ano,dt,vb,pr,vb,entity
ano,dt,nn,cc,vb,vb,entity
ano,dt,nn,vb,pr,vb,entity
kailan,pr,rb,vb,dt,vb,pr,entity
alin,rb,cc,cd,entity
alin,cc,dt,pr,entity
alin,dt,nn,entity
alin,pr,entity
ano,dt,nn,pr,entity
ano,dt,nn,pr,entity
alin,dt,nn,nn,nn,nn,entity
alin,dt,nn,cc,vb,nn,nn,entity
alin,rb,cc,cd,vb,pr,rb,rb,rb,entity
ano,dt,nn,cc,nn,cc,rb,pr,entity
ano,dt,vb,pr,vb,pr,lm,vb,entity
alin,dt,vb,pr,entity
ano,dt,pr,nn,entity
ano,dt,vb,pr,entity
ano,dt,nn,cc,nn,pr,entity
alin,pr,dt,vb,pr,entity
alin,dt,nn,pr,entity
alin,dt,vb,pr,vb,entity
ano,vb,rb,dt,vb,pr,entity
anong,nn,dt,vb,pr,vb,entity
anong,nn,dt,nn,cc,nn,pr,entity
alin,cc,nn,dt,nn,pr,entity
alin,pr,dt,vb,pr,entity
alin,cc,dt,nn,cc,pr,dt,vb,entity
ano,dt,vb,vb,cc,vb,cc,nn,entity
alin,cc,dt,nn,dt,vb,cc,nn,cc,nn,entity
ano,dt,nn,cc,nn,entity
alin,cc,dt,nn,cc,nn,nn,dt,vb,pr,entity
alin,cc,dt,nn,dt,jj,entity
ano,dt,nn,pr,nn,entity
ano,dt,nn,pr,rb,nn,entity
ano,rb,dt,nn,cc,nn,dt,nn,entity
alin,cc,dt,pr,dt,rb,cc,nn,pr,entity
alin,pr,dt,vb,pr,vb,pr,entity
alin,cc,dt,nn,cc,vb,pr,jj,dt,nn,entity
ano,dt,nn,cc,nn,cc,vb,cc,vb,nn,entity
alin,cc,dt,nn,cc,nn,dt,vb,vb,cc,vb,dt,nn,entity
ano,rb,rb,dt,nn,pr,cc,pr,entity
ano,dt,vb,pr,jj,cc,nn,entity
ano,dt,pr,nn,entity
ano,rb,rb,entity
alin,dt,nn,nn,nn,entity
alin,dt,vb,nn,nn,entity
ano,dt,nn,pr,entity
ano,dt,nn,pr,entity
ano,dt,nn,pr,entity
alin,rb,dt,jj,jj,entity
alin,dt,jj,jj,entity
alin,cc,cd,entity
sino,dt,jj,pr,entity
ano,dt,nn,nn,entity
ano,dt,vb,pr,entity
alin,cc,dt,nn,cc,jj,pr,dt,pr,vb,entity
alin,pr,dt,vb,vb,entity
alin,pr,dt,nn,entity
anong,rb,cc,vb,vb,entity
alin,cc,dt,nn,pr,dt,rb,pr,rb,entity
alin,cc,dt,nn,nn,dt,vb,pr,rb,entity
alin,dt,nn,pr,entity
ano,dt,vb,pr,entity
anong,jj,pr,nn,entity
alin,cc,cd,dt,vb,pr,entity
alin,pr,dt,vb,pr,entity
alin,nn,dt,nn,nn,entity
ano,dt,vb,pr,cc,nn,cc,nn,dt,vb,pr,entity
alin,dt,jj,jj,nn,dt,nn,entity
alin,dt,jj,jj,nn,cc,nn,entity
alin,dt,jj,jj,nn,nn,entity
ano,dt,pr,nn,entity
ano,rb,dt,nn,pr,cc,dt,vb,pr,entity
anong,dt,nn,dt,jj,pr,vb,entity
alin,pr,dt,vb,pr,entity
alin,rb,cc,cd,nn,cc,pr,dt,jj,vb,entity
alin,nn,dt,vb,pr,cc,nn,entity
ano,nn,pr,entity
ano,rb,vb,pr,entity
alin,dt,nn,entity
alin,pr,dt,nn,pr,entity
alin,rb,pr,dt,vb,dt,nn,entity
ano,dt,vb,nn,dt,vb,pr,entity
ano,dt,jj,jj,entity
alin,dt,jj,jj,nn,entity
alin,cc,cd,dt,jj,jj,nn,cc,nn,entity
alin,dt,jj,jj,entity
ano,dt,nn,pr,entity
ano,dt,nn,pr,vb,entity
alin,cc,dt,nn,cc,pr,dt,nn,pr,entity
alin,cc,dt,nn,dt,nn,entity
alin,pr,dt,vb,pr,entity
ano,dt,nn,nn,entity
ano,dt,vb,vb,entity
ano,dt,vb,nn,cc,nn,pr,entity
alin,cc,dt,pr,dt,vb,pr,entity
alin,pr,dt,nn,entity
alin,dt,vb,entity
ano,dt,vb,nn,cc,nn,entity
ano,dt,nn,cc,nn,entity
alin,dt,jj,jj,nn,entity
alin,dt,jj,jj,nn,entity
alin,dt,rb,rb,rb,rb,entity
ano,cc,nn,dt,nn,vb,entity
ano,dt,vb,nn,cc,nn,entity
anong,nn,dt,vb,pr,jj,nn,entity
anu-ano,dt,dt,nn,cc,vb,cc,pr,nn,cc,vb,pr,vb,entity
anong,vb,dt,rb,pr,entity
alin,dt,jj,vb,dt,vb,cc,nn,entity
alin,dt,jj,jj,nn,dt,nn,pr,entity
alin,dt,jj,jj,cc,nn,cc,vb,nn,pr,cc,nn,pr,entity
ano,dt,vb,pr,rb,entity
ano,dt,vb,cc,vb,dt,nn,entity
anu-ano,dt,dt,nn,entity
alin-alin,pr,dt,nn,entity
alin-alin,pr,dt,nn,entity
alin,pr,dt,cc,nn,entity
ano,dt,jj,cc,nn,entity
alin,dt,vb,pr,vb,entity
alin,dt,jj,jj,nn,entity
ano,dt,nn,pr,nn,entity
ano,dt,vb,vb,dt,nn,entity
alin,dt,vb,entity
alin,dt,pr,vb,entity
alin,dt,vb,pr,entity
alin,pr,dt,jj,entity
saan,rb,pr,vb,entity
anong,vb,nn,entity
alin,dt,vb,cc,pr,entity
alin,cc,nn,dt,vb,pr,entity
alin,dt,nn,pr,entity
ano,dt,nn,pr,entity
alin,dt,vb,cc,cd,entity
ano,rb,cc,nn,dt,nn,nn,nn,entity
ano,dt,nn,cc,nn,dt,nn,nn,nn,entity
alin,dt,jj,jj,pr,vb,entity
anong,nn,pr,entity
ano,dt,nn,cc,nn,entity
alin,dt,vb,entity
ano,dt,jj,cc,nn,cc,nn,cc,nn,entity
ano,dt,nn,cc,nn,entity
alin,dt,jj,jj,nn,nn,entity
alin,dt,jj,jj,nn,entity
alin,dt,jj,vb,vb,entity
alin,dt,jj,jj,nn,dt,nn,entity
alin,dt,vb,pr,vb,rb,nn,entity
ano,dt,jj,jj,nn,dt,nn,nn,nn,dt,nn,entity
ano,dt,nn,nn,nn,entity
alin,dt,jj,jj,nn,vb,dt,vb,pr,entity
alin,dt,jj,jj,dt,nn,rb,rb,nn,entity
alin,jj,jj,cc,vb,dt,dt,nn,nn,entity
ano,dt,nn,nn,cc,vb,entity
ano,dt,vb,nn,cc,pr,nn,entity
aling,rb,dt,jj,jj,nn,vb,entity
alin,rb,dt,nn,nn,entity
alin,nn,entity
ano,dt,nn,pr,entity
ano,dt,nn,pr,entity
ano,pr,entity
alin,pr,dt,vb,pr,entity
alin,dt,vb,nn,entity
alin,dt,vb,entity
alin,cc,dt,pr,dt,vb,entity
alin,cc,dt,nn,cc,pr,dt,vb,nn,entity
saan,rb,vb,dt,nn,nn,pr,entity
ano,rb,rb,dt,vb,pr,cc,nn,entity
alin,pr,rb,cc,nn,pr,entity
alin,dt,nn,pr,cc,nn,nn,nn,entity
ano,pr,cc,nn,entity
ano,dt,vb,pr,jj,entity
alin,dt,nn,pr,nn,entity
alin,dt,nn,entity
alin,dt,nn,entity
ano,dt,nn,pr,cc,pr,entity
ano,rb,dt,nn,vb,nn,cc,vb,cc,pr,entity
alin,pr,dt,vb,entity
alin,dt,nn,jj,cc,vb,entity
alin,pr,dt,vb,entity
ano,dt,pr,nn,vb,entity
alin,dt,vb,pr,vb,entity
alin,dt,nn,entity
alin,pr,dt,nn,entity
ano,dt,pr,nn,vb,entity
alin,dt,vb,pr,vb,entity
alin,dt,nn,entity
alin,pr,dt,nn,entity
anong,vb,pr,nn,entity
alin,pr,dt,nn,entity
alin,rb,dt,vb,pr,entity
ano,dt,vb,pr,vb,entity
ano,rb,dt,vb,pr,entity
ano,dt,nn,cc,nn,nn,cc,nn,entity
alin,dt,nn,entity
alin,cc,nn,dt,vb,entity
alin,pr,dt,vb,pr,entity
ano,rb,dt,rb,nn,pr,rb,entity
alin,dt,jj,jj,pr,entity
alin,dt,jj,jj,nn,entity
alin,dt,jj,jj,entity
ano,dt,vb,pr,nn,entity
ano,dt,vb,pr,vb,entity
ano,dt,nn,cc,nn,pr,entity
sino,dt,vb,cc,nn,pr,entity
alin,cc,nn,dt,nn,entity
alin,cc,dt,nn,dt,vb,pr,entity
alin,pr,dt,vb,entity
alin,dt,jj,vb,entity
alin,pr,dt,vb,nn,dt,nn,entity
ano,dt,nn,rb,rb,nn,nn,cc,nn,nn,entity
alin,dt,jj,jj,cc,nn,entity
alin,dt,jj,cc,nn,entity
alin,dt,rb,rb,rb,rb,rb,rb,entity
alin,dt,jj,cc,nn,entity
alin,dt,jj,cc,nn,cc,nn,entity
alin,nn,dt,nn,pr,entity
alin,dt,jj,jj,cc,pr,entity
alin,cc,dt,pr,dt,nn,entity
alin,dt,vb,pr,nn,entity
ano,dt,vb,pr,vb,entity
ano,dt,nn,pr,nn,entity
alin,pr,dt,vb,pr,entity
alin,dt,vb,cc,pr,entity
alin,dt,nn,pr,entity
anong,dt,nn,pr,entity
ano,dt,nn,pr,cc,nn,entity
ano,dt,nn,pr,nn,cc,nn,entity
alin,dt,jj,vb,vb,cc,cd,entity
alin,dt,nn,vb,pr,entity
alin,dt,vb,jj,cc,cd,entity
ano,dt,nn,pr,nn,entity
anong,rb,rb,rb,rb,rb,pr,entity
alin,pr,dt,jj,vb,entity
alin,pr,dt,jj,jj,entity
alin,cc,cd,dt,vb,nn,dt,nn,entity
alin,cc,jj,cc,nn,dt,vb,pr,entity
alin,cc,dt,nn,pr,dt,vb,cc,nn,cc,pr,entity
alin,cc,cd,dt,nn,entity
alin,dt,vb,pr,entity
ano,dt,nn,pr,nn,entity
alin,dt,jj,jj,nn,nn,entity
alin,dt,nn,entity
alin,pr,dt,jj,jj,entity
aling,nn,cc,nn,vb,dt,nn,dt,nn,entity
alin,dt,jj,jj,nn,entity
alin,cc,dt,nn,pr,dt,vb,entity
alin,cc,vb,dt,nn,nn,entity
alin,dt,vb,pr,vb,cc,nn,entity
alin,pr,dt,jj,jj,entity
ano,dt,nn,pr,nn,entity
ano,dt,nn,cc,pr,nn,entity
alin,dt,jj,jj,entity
alin,pr,dt,nn,jj,entity
alin,dt,jj,jj,entity
alin,cc,dt,vb,pr,dt,nn,pr,vb,entity
alin,cc,pr,cc,vb,cc,nn,pr,dt,vb,entity
ano,rb,dt,nn,pr,nn,entity
alin,cc,dt,nn,vb,pr,dt,vb,pr,entity
alin,cc,dt,jj,cc,nn,dt,nn,entity
ano,dt,vb,pr,vb,vb,entity
alin,dt,jj,jj,cc,nn,nn,nn,entity
ano,pr,nn,pr,entity
alin,dt,nn,entity
alin,rb,dt,vb,pr,entity
alin,pr,dt,vb,vb,cc,nn,entity
alin,dt,nn,entity
alin,rb,dt,nn,pr,entity
alin,cc,dt,nn,dt,vb,pr,entity
alin,rb,dt,nn,dt,jj,vb,entity
alin,rb,cc,dt,nn,pr,dt,cc,pr,entity
alin,dt,nn,entity
alin,dt,vb,entity
alin,dt,vb,entity
sino,dt,nn,cc,nn,pr,human
sino,rb,pr,human
alin,cc,nn,dt,vb,pr,human
ano,rb,pr,nn,human
paano,rb,dt,nn,pr,vb,human
sino,pr,human
sino,pr,rb,human
sino,dt,vb,cc,nn,human
sino,rb,pr,human
sino,dt,vb,cc,nn,cc,nn,human
ano,dt,nn,pr,human
ano,dt,nn,pr,nn,human
ano,dt,nn,cc,nn,vb,vb,human
sino,dt,vb,pr,human
sino,pr,dt,nn,cc,nn,human
sino,dt,vb,cc,nn,cc,nn,human
sino,dt,vb,cc,nn,dt,nn,human
sino,dt,nn,rb,rb,rb,cc,vb,nn,human
aling,nn,dt,vb,pr,vb,human
ano,rb,rb,pr,cc,nn,pr,human
paano,pr,rb,pr,vb,human
sino,rb,rb,dt,nn,pr,human
sino,dt,vb,pr,human
sino,rb,rb,pr,cc,nn,pr,human
bakit,rb,pr,rb,cc,pr,human
sino,rb,nn,dt,nn,vb,cc,vb,vb,human
sino,dt,vb,cc,vb,pr,cc,nn,cc,vb,human
sino,rb,vb,cc,dt,vb,nn,pr,pr,cc,dt,nn,pr,human
sino,dt,vb,nn,pr,human
alin,cc,dt,pr,dt,vb,pr,cc,pr,human
paano,rb,dt,rb,rb,rb,cc,nn,human
sino,dt,vb,cc,vb,nn,human
sino,dt,jj,vb,cc,nn,cd,human
sino,dt,vb,cc,nn,cc,nn,pr,vb,human
alin,dt,jj,jj,cc,nn,cd,human
ano,dt,pr,nn,human
sino,rb,pr,cc,nn,pr,human
sino,pr,cc,vb,pr,human
ano,dt,nn,cc,nn,pr,rb,human
paano,rb,vb,jj,cc,pr,pr,human
kailan,vb,dt,vb,pr,nn,human
sino,rb,rb,pr,cc,nn,pr,cc,human
sinong,jj,vb,pr,pr,human
kailan,rb,pr,vb,human
sino,dt,vb,pr,human
sino,dt,nn,human
sino,dt,vb,cc,nn,pr,human
alin,nn,dt,vb,cc,vb,pr,human
ano,pr,human
bakit,pr,pr,vb,human
paano,pr,vb,human
sino,dt,jj,nn,nn,human
sino,dt,nn,pr,human
sino,pr,human
sino,dt,nn,human
sino,dt,nn,human
sino,dt,nn,pr,nn,cc,nn,nn,nn,human
alin,cc,cd,dt,nn,dt,jj,pr,human
ano,dt,nn,pr,human
ano,dt,nn,cc,dt,nn,cc,nn,human
ano,dt,nn,pr,cc,nn,cc,pr,nn,human
sino,dt,vb,cc,pr,cc,nn,human
sino,dt,nn,pr,nn,human
sino,dt,vb,pr,human
alin,cc,vb,dt,vb,nn,human
alin,cc,nn,dt,jj,pr,human
ano,rb,rb,pr,cc,nn,pr,human
bakit,rb,pr,vb,rb,dt,vb,pr,cc,nn,cc,nn,human
paano,pr,rb,rb,dt,nn,pr,cc,nn,vb,pr,rb,vb,human
paano,pr,rb,nn,dt,pr,cc,nn,cc,vb,pr,human
sino,dt,vb,nn,pr,human
sino,rb,cc,pr,dt,vb,vb,nn,human
sino,pr,rb,rb,human
alin,rb,cc,cd,nn,dt,vb,pr,human
ano,dt,vb,pr,rb,vb,pr,dt,nn,nn,pr,human
ano,cc,nn,pr,dt,vb,cc,dt,nn,nn,human
bakit,pr,pr,vb,human
paano,rb,vb,human
paano,pr,vb,vb,pr,dt,pr,nn,human
kailan,pr,vb,cc,nn,human
sino,dt,vb,nn,human
sino,pr,cc,vb,pr,rb,human
sino,dt,nn,human
alin,cc,nn,dt,rb,pr,rb,human
bakit,pr,vb,vb,cc,nn,cc,vb,nn,human
bakit,pr,pr,vb,cc,pr,vb,nn,human
paano,rb,dt,nn,pr,cc,nn,human
sino,pr,vb,pr,human
sino,dt,vb,nn,human
saan,dt,vb,cc,nn,pr,human
ano,dt,nn,pr,human
paano,pr,vb,dt,nn,human
sino,dt,vb,pr,human
sino,dt,vb,pr,human
sino,dt,nn,human
bakit,rb,cc,nn,cc,pr,nn,human
sino,dt,vb,cc,nn,cc,pr,human
bakit,pr,rb,human
bakit,nn,vb,nn,human
bakit,pr,vb,human
sino,dt,nn,vb,pr,vb,cc,vb,nn,human
sino,dt,jj,human
sino,dt,vb,pr,human
saan,vb,dt,dt,nn,cc,nn,human
paano,rb,cc,nn,vb,human
sino,dt,nn,cc,pr,human
sino,dt,jj,vb,vb,dt,nn,nn,human
ano,pr,human
sino,pr,rb,cc,nn,pr,human
sino,dt,jj,cc,nn,human
paano,rb,rb,rb,pr,vb,vb,human
sino,dt,nn,cc,nn,nn,human
sino,dt,vb,pr,human
sino,dt,vb,cc,pr,cc,nn,dt,vb,pr,human
sino,dt,vb,jj,cc,vb,nn,human
sino,pr,dt,nn,vb,cc,nn,human
sino,cc,nn,dt,vb,pr,human
sino,dt,nn,cc,dt,nn,cc,pr,human
sino,dt,nn,human
sino,dt,vb,pr,human
sino,rb,dt,vb,human
sino,rb,dt,jj,vb,cc,pr,human
sino,dt,jj,vb,pr,human
sino,dt,nn,pr,nn,human
sino,dt,nn,vb,cc,nn,dt,nn,human
sino,dt,vb,cc,nn,pr,human
sino,dt,nn,jj,cc,nn,pr,human
sino,dt,vb,cc,nn,human
sino,dt,vb,vb,cc,nn,cc,jj,human
ano,dt,nn,cc,pr,vb,cc,nn,human
sino,dt,nn,cc,nn,human
sino,dt,nn,nn,human
sino,dt,vb,cc,nn,cc,nn,human
alin,cc,nn,jj,nn,dt,vb,human
alin,cc,dt,nn,pr,dt,vb,human
sino,rb,rb,vb,pr,human
sino,rb,dt,vb,pr,human
sino,rb,rb,vb,pr,human
sino,rb,dt,nn,cc,nn,pr,human
sino,rb,vb,pr,cc,nn,human
sino,rb,rb,nn,vb,pr,human
sino,dt,vb,pr,nn,human
ano,dt,nn,pr,human
sino,dt,vb,pr,human
sino,dt,vb,pr,human
sino,dt,vb,cc,nn,human
sino,dt,vb,pr,human
sino,dt,vb,cc,nn,human
sino,dt,vb,cc,nn,human
sino,dt,jj,cc,nn,dt,nn,nn,human
sino,dt,vb,pr,pr,rb,cc,nn,pr,human
sino,dt,nn,jj,cc,nn,dt,nn,nn,human
sino,dt,cd,pr,vb,human
ano,dt,nn,pr,human
anong,nn,cc,nn,pr,jj,nn,cc,nn,human
sino,rb,cc,vb,cd,human
sino,vb,pr,vb,human
sino,vb,pr,rb,rb,cc,vb,nn,human
sino,rb,rb,dt,nn,pr,cc,vb,cd,human
sino,dt,jj,cc,nn,pr,human
sino,dt,jj,cc,nn,cc,nn,cc,jj,pr,human
sino,dt,jj,vb,dt,nn,human
sino,dt,vb,cc,nn,cc,nn,cc,nn,human
sino,dt,pr,nn,human
sino,dt,nn,pr,vb,nn,human
sino,dt,nn,rb,rb,cc,pr,nn,human
ano,dt,nn,pr,human
sino,dt,nn,pr,vb,cc,pr,nn,human
sino,dt,jj,nn,cc,nn,pr,human
sino,dt,pr,rb,rb,pr,dt,nn,nn,human
sino,dt,vb,jj,pr,human
sinu-sino,dt,dt,nn,pr,human
sino,dt,cd,nn,cc,pr,nn,human
sino,dt,vb,vb,cc,nn,cc,nn,human
sino,dt,vb,pr,cc,pr,human
ano,dt,nn,pr,human
sino,rb,nn,cc,nn,nn,dt,nn,pr,human
sino,dt,nn,pr,human
sino,dt,vb,cc,nn,cc,nn,human
ano,dt,nn,pr,human
sino,pr,human
sino,rb,dt,vb,cc,vb,cd,human
sino,rb,dt,cd,vb,human
sino,rb,dt,vb,cc,pr,human
sino,rb,dt,vb,cc,rb,human
ano,dt,nn,pr,human
sino,pr,nn,pr,human
sino,dt,vb,pr,cc,pr,human
sino,dt,vb,pr,vb,pr,human
sino,pr,cc,nn,human
sino,pr,human
sino,dt,vb,pr,cc,vb,cd,human
ano,dt,pr,nn,human
ano,dt,nn,cc,nn,pr,human
sino,pr,rb,human
sino,dt,vb,pr,human
sino,dt,vb,pr,human
sino,cc,cd,dt,nn,vb,nn,dt,nn,nn,human
sino,rb,pr,vb,pr,vb,human
sino,cc,pr,dt,vb,cc,nn,pr,human
sino,dt,jj,jj,cc,nn,dt,nn,human
sino,rb,dt,vb,cc,nn,nn,cc,nn,human
alin,cc,dt,nn,dt,jj,cc,rb,rb,human
sino,dt,nn,cc,nn,pr,human
sino,dt,vb,cc,nn,pr,human
sino,dt,jj,pr,jj,cc,nn,pr,human
sino,dt,vb,nn,cc,nn,nn,cc,nn,nn,human
sino,dt,vb,pr,nn,human
saan,pr,vb,cc,nn,cc,rb,nn,cc,nn,cc,nn,cc,nn,human
sino,dt,nn,pr,rb,vb,vb,human
sino,dt,dt,nn,dt,nn,nn,human
sino,dt,nn,cc,vb,nn,cc,nn,nn,human
sino,rb,pr,human
sino,rb,rb,human
alin,cc,dt,nn,pr,dt,nn,pr,human
saan,vb,cd,vb,dt,dt,nn,human
sinong,nn,pr,nn,human
sino,dt,jj,nn,human
sino,dt,vb,pr,human
sino,dt,vb,pr,human
sino,pr,rb,human
sino,dt,jj,nn,pr,human
sino,dt,vb,pr,human
sino,dt,vb,cc,nn,human
sino,dt,nn,jj,pr,human
sino,pr,human
sino,pr,cc,vb,pr,human
sino,pr,cc,vb,pr,nn,human
sino,cc,rb,rb,pr,cc,nn,nn,human
sino,cc,pr,dt,jj,jj,human
sino,dt,vb,pr,human
sino,rb,dt,nn,pr,human
sino,rb,dt,nn,cc,pr,nn,human
alin,cc,cd,dt,vb,pr,human
bakit,vb,nn,pr,vb,human
sino,dt,vb,pr,jj,pr,human
sino,dt,vb,cc,nn,pr,human
sino,dt,jj,dt,nn,human
sino,dt,vb,cc,nn,human
alin,dt,jj,jj,nn,dt,nn,human
alin,dt,jj,jj,nn,dt,nn,human
ano,dt,pr,nn,human
sino,rb,jj,jj,nn,human
sinu-sino,rb,dt,nn,human
sino,cc,nn,pr,human
ano,nn,pr,human
sino,dt,vb,pr,human
sino,dt,vb,vb,human
sino,dt,vb,pr,vb,human
sino,dt,nn,vb,nn,human
ano,dt,nn,pr,human
sino,dt,nn,pr,human
sino,dt,nn,nn,cc,nn,human
sino,dt,vb,cc,nn,human
sino,dt,vb,pr,human
sino,dt,vb,pr,human
sino,dt,vb,nn,cc,nn,pr,human
sino,dt,nn,cc,nn,nn,human
sino,dt,jj,cc,nn,human
sino,dt,nn,vb,pr,human
sino,dt,vb,pr,human
sino,dt,cd,pr,nn,cc,nn,human
alin,cc,pr,dt,vb,pr,human
sino,rb,dt,vb,cc,vb,cd,human
sino,rb,dt,cd,vb,human
sino,rb,dt,vb,cc,pr,human
sino,rb,dt,vb,cc,rb,human
sino,pr,nn,pr,human
sino,dt,vb,pr,cc,pr,human
sino,dt,vb,pr,vb,pr,human
sino,pr,cc,nn,human
sino,dt,vb,pr,cc,vb,cd,human
alin,dt,jj,jj,cc,vb,cd,human
alin,cc,nn,dt,jj,vb,human
sino,dt,vb,pr,human
sino,dt,vb,pr,human
sino,cc,cd,dt,nn,vb,nn,dt,nn,nn,human
sino,rb,pr,vb,pr,vb,human
sino,cc,pr,dt,vb,cc,nn,pr,human
sino,dt,jj,jj,cc,nn,dt,nn,human
sino,rb,rb,rb,dt,jj,rb,jj,dt,jj,nn,cc,jj,nn,human
sino,rb,dt,vb,cc,nn,nn,cc,nn,human
alin,rb,cc,dt,nn,dt,nn,cc,nn,human
alin,cc,dt,nn,dt,jj,cc,rb,rb,human
sino,dt,nn,cc,nn,pr,human
sino,dt,vb,pr,human
sino,dt,vb,cc,nn,pr,human
sino,dt,jj,pr,jj,cc,nn,pr,human
sino,dt,vb,nn,cc,nn,nn,cc,nn,nn,human
sino,dt,vb,pr,nn,human
saan,pr,vb,cc,nn,cc,rb,nn,cc,nn,cc,nn,cc,nn,human
sino,dt,nn,pr,rb,vb,vb,human
sino,dt,dt,nn,dt,nn,nn,human
sino,dt,nn,cc,vb,nn,cc,nn,nn,human
sino,rb,pr,human
sino,rb,rb,human
alin,pr,dt,nn,dt,vb,cc,rb,human
alin,cc,dt,nn,pr,dt,nn,pr,human
saan,vb,cd,vb,dt,dt,nn,human
saan,vb,dt,nn,human
sinong,nn,pr,nn,human
sino,dt,jj,nn,human
sino,dt,vb,pr,human
sino,pr,rb,human
sino,dt,vb,pr,human
sino,dt,vb,pr,human
sino,dt,vb,cc,nn,human
sino,dt,nn,jj,pr,human
sino,pr,human
sino,cc,rb,rb,pr,cc,nn,nn,human
sino,cc,pr,dt,jj,jj,human
sino,dt,vb,pr,human
sino,rb,dt,nn,pr,human
sino,rb,dt,nn,cc,pr,nn,human
sino,dt,vb,pr,jj,pr,human
sino,dt,vb,cc,nn,pr,human
sino,dt,jj,dt,nn,human
sino,dt,vb,cc,nn,human
alin,dt,jj,jj,dt,nn,human
alin,dt,jj,jj,nn,dt,nn,human
sino,rb,jj,jj,nn,human
sinu-sino,rb,dt,nn,human
sino,cc,nn,pr,human
sino,dt,vb,pr,human
sino,dt,vb,vb,human
sino,dt,vb,pr,vb,human
sino,dt,nn,vb,nn,human
sino,dt,nn,pr,human
sino,dt,nn,nn,cc,nn,human
sino,dt,vb,cc,nn,human
sino,dt,vb,pr,human
sino,dt,vb,pr,human
sino,dt,vb,nn,cc,nn,pr,human
sino,dt,nn,cc,nn,nn,human
sino,dt,jj,cc,nn,human
sino,dt,nn,vb,pr,human
sino,dt,vb,pr,human
sino,dt,cd,pr,nn,cc,nn,human
sinong,nn,dt,jj,cc,pr,human
sinu-sino,dt,vb,rb,rb,cc,pr,human
sino,cc,nn,dt,vb,pr,human
sinu-sino,dt,vb,human
sino,dt,nn,pr,human
sino,dt,vb,pr,human
sino,dt,nn,cc,nn,nn,human
sino,dt,nn,nn,pr,human
sino,dt,vb,pr,jj,pr,human
sino,dt,jj,jj,cc,vb,cd,human
sino,dt,pr,cd,vb,human
sino,rb,rb,human
sino,dt,vb,dt,nn,human
sino,dt,vb,pr,human
sino,cc,nn,dt,vb,pr,human
sino,dt,rb,cc,nn,pr,human
sino,cc,vb,cd,dt,vb,pr,human
sino,rb,dt,nn,pr,human
sino,dt,nn,cc,pr,nn,human
sino,dt,vb,pr,cc,pr,nn,human
alin,dt,jj,jj,dt,vb,human
alin,dt,vb,pr,pr,human
sino,dt,nn,cc,nn,pr,human
alin,dt,nn,pr,rb,rb,rb,rb,human
sino,dt,vb,pr,human
sino,dt,nn,nn,cc,vb,human
sino,dt,nn,cc,nn,cc,nn,human
sino,dt,vb,pr,nn,human
sino,dt,vb,pr,jj,pr,human
sino,dt,vb,nn,cc,vb,pr,cc,pr,cc,vb,cc,dt,nn,cc,nn,human
sino,dt,nn,cc,nn,nn,human
sino,dt,nn,rb,rb,rb,dt,nn,human
sino,dt,vb,cd,nn,cc,nn,nn,dt,vb,cc,nn,human
sino,dt,nn,dt,nn,nn,human
sino,dt,nn,cc,vb,human
sinu-sino,dt,dt,vb,vb,cc,vb,human
sino,rb,dt,nn,cc,vb,rb,cc,vb,dt,nn,human
alin,dt,jj,jj,nn,human
alin,cc,vb,cd,dt,nn,pr,vb,nn,human
sino,dt,vb,pr,jj,pr,human
sino,rb,nn,cc,nn,dt,nn,human
sino,dt,vb,cc,nn,pr,cc,nn,human
alin,nn,dt,vb,cc,nn,dt,nn,human
sino,dt,vb,human
sino,dt,vb,human
sino,pr,nn,human
sino,dt,vb,pr,vb,pr,human
sino,rb,rb,pr,cc,nn,pr,human
sino,rb,pr,vb,human
alin,cc,dt,nn,pr,dt,vb,nn,human
sino,dt,nn,pr,cc,nn,human
alin,cc,nn,dt,vb,pr,human
ano,rb,rb,dt,nn,nn,pr,human
sino,dt,jj,cc,vb,nn,human
sino,rb,dt,nn,cc,pr,rb,human
alin,vb,nn,nn,human
sino,pr,cc,vb,vb,dt,dt,nn,human
sino,dt,nn,pr,rb,human
sino,pr,rb,human
sino,dt,vb,nn,cc,nn,pr,human
sino,dt,vb,pr,vb,cc,nn,human
sino,dt,vb,human
sino,dt,vb,pr,human
sino,cc,nn,pr,human
sino,dt,vb,pr,human
sino,dt,vb,pr,human
sino,cc,nn,pr,human
sino,dt,vb,pr,human
sinong,vb,pr,human
sinong,rb,cc,nn,pr,vb,human
sinong,vb,human
sino,pr,rb,human
sino,dt,vb,cc,pr,human
sino,dt,vb,pr,vb,human
sino,dt,nn,pr,human
sino,dt,vb,nn,pr,human
sino,dt,vb,cc,nn,pr,human
alin,cc,nn,dt,vb,cc,nn,human
ano,dt,nn,pr,human
sino,dt,nn,cc,pr,human
alin,cc,dt,nn,pr,dt,rb,human
sino,dt,vb,pr,human
sino,dt,nn,nn,human
sino,dt,vb,pr,human
sino,rb,pr,human
sino,dt,rb,cc,nn,human
sino,dt,nn,nn,cc,nn,cc,nn,human
sino,dt,nn,nn,human
sino,dt,nn,cc,nn,pr,human
sino,dt,vb,nn,pr,human
saan,pr,jj,jj,cc,nn,jj,pr,human
sino,dt,jj,jj,dt,nn,pr,human
sino,dt,nn,nn,human
sino,dt,nn,nn,human
ano,dt,nn,pr,human
sino,dt,vb,pr,human
sino,dt,vb,cc,nn,nn,human
sino,dt,vb,pr,vb,human
sino,dt,vb,nn,pr,human
sino,dt,nn,pr,nn,human
sino,rb,dt,nn,pr,nn,human
sino,cc,nn,dt,vb,pr,vb,human
sino,dt,vb,rb,rb,cc,vb,nn,human
sino,pr,human
alin,cc,vb,cd,dt,jj,jj,human
sino,dt,nn,vb,cc,nn,nn,nn,human
sino,dt,vb,cc,pr,human
sino,dt,nn,pr,jj,nn,human
ano,dt,nn,pr,human
sino,pr,human
sino,dt,pr,nn,human
sino,dt,vb,cc,vb,cd,human
alin,cc,cd,vb,pr,dt,vb,pr,human
ano,dt,nn,pr,human
sino,cc,nn,pr,human
sino,dt,jj,cc,nn,pr,human
sino,dt,cd,nn,jj,cc,nn,pr,cc,nn,cc,pr,human
sino,rb,dt,dt,vb,nn,cc,nn,human
sino,dt,vb,cc,nn,human
sino,dt,jj,cc,nn,nn,human
sino,dt,nn,pr,rb,human
sino,dt,nn,pr,rb,vb,nn,human
ano,dt,pr,nn,human
sino,rb,dt,vb,jj,cc,nn,human
sino,rb,rb,dt,vb,dt,nn,nn,human
sino,dt,vb,pr,cc,pr,human
sino,pr,cc,nn,pr,human
sino,dt,vb,nn,human
sino,rb,rb,dt,vb,pr,human
alin,vb,dt,jj,jj,pr,human
sino,dt,jj,nn,human
sino,dt,cd,pr,vb,cc,nn,cc,nn,human
sino,dt,nn,vb,vb,pr,nn,human
alin,cc,dt,nn,cc,pr,nn,dt,vb,nn,human
sino,dt,vb,pr,human
sino,dt,vb,pr,human
sino,dt,vb,cc,pr,rb,vb,human
alin,cc,pr,dt,nn,pr,human
sino,rb,dt,vb,nn,rb,rb,nn,human
ano,dt,pr,nn,human
alin,cc,nn,dt,vb,pr,human
sino,dt,vb,cc,nn,jj,nn,human
sino,cc,pr,dt,jj,vb,human
sino,cc,nn,dt,nn,human
alin,cc,nn,dt,vb,pr,cc,nn,dt,nn,human
sino,dt,nn,human
sino,dt,nn,pr,human
sino,dt,nn,vb,human
sino,dt,nn,cc,nn,vb,pr,human
sino,rb,dt,jj,cc,nn,pr,human
sino,dt,vb,nn,cc,nn,pr,human
alin,cc,cd,cc,nn,dt,vb,vb,human
alin,cc,pr,dt,nn,cc,human
sino,dt,vb,pr,vb,pr,human
sino,rb,pr,human
sino,dt,nn,human
saan,pr,vb,location
paano,rb,rb,location
alin,rb,pr,dt,nn,pr,location
saan,pr,pr,vb,location
saan,pr,vb,location
saan,pr,dt,vb,cc,nn,location
alin,cc,dt,nn,dt,jj,location
saan,nn,dt,vb,nn,location
paano,rb,vb,dt,nn,location
alin,dt,jj,vb,location
saan,pr,jj,location
saan,pr,rb,location
saan,pr,vb,dt,nn,location
alin,cc,dt,nn,dt,vb,pr,rb,location
saang,nn,cc,nn,pr,vb,location
saan,pr,vb,location
saan,pr,vb,dt,nn,cc,nn,pr,location
nasaan,rb,dt,vb,vb,cc,dt,nn,location
saan,pr,vb,location
saan,rb,pr,cd,nn,pr,location
saan,pr,rb,pr,vb,location
saan,rb,pr,rb,location
saan,rb,pr,vb,location
saang,vb,pr,vb,dt,jj,cc,nn,cc,jj,nn,location
saan,pr,vb,location
nasaan,pr,rb,vb,dt,nn,location
saan,pr,vb,cc,nn,cc,pr,location
saan,pr,vb,dt,pr,nn,location
saan,rb,pr,vb,cc,nn,location
bakit,rb,pr,cc,nn,location
saan,pr,vb,location
saan,pr,vb,location
saan,pr,vb,location
saan,pr,vb,nn,location
saan,rb,dt,nn,nn,location
saan,pr,pr,vb,vb,location
saang,rb,pr,jj,location
saan,pr,rb,vb,location
saan,pr,jj,location
saan,pr,vb,location
saan,pr,vb,location
saan,dt,nn,nn,location
saan,vb,dt,dt,nn,cc,nn,location
saan,dt,jj,vb,rb,jj,location
paano,rb,cc,nn,nn,location
saan,pr,nn,nn,nn,location
saan,pr,vb,pr,nn,location
saan,pr,vb,cc,nn,location
saan,pr,vb,rb,location
saan,pr,pr,vb,location
bakit,pr,nn,location
bakit,pr,nn,location
bakit,pr,vb,location
saan,pr,vb,location
saan,pr,vb,location
saan,pr,vb,location
saan,rb,rb,rb,dt,pr,cc,pr,location
saan,pr,vb,rb,jj,pr,cc,cc,nn,location
saan,pr,vb,dt,nn,pr,location
saan,dt,nn,cc,nn,location
saan,pr,vb,location
saan,pr,vb,location
saan,pr,vb,location
saan,rb,pr,vb,rb,nn,location
saan,pr,rb,vb,rb,vb,pr,cc,nn,cc,vb,location
saan,rb,rb,dt,nn,pr,location
saan,jj,dt,nn,nn,location
paano,pr,nn,cc,nn,cc,nn,cc,nn,location
saan,rb,pr,vb,vb,cc,nn,jj,cc,pr,location
saan,pr,vb,dt,nn,nn,location
saan,cc,dt,nn,pr,location
saan,cc,rb,rb,dt,nn,location
saan,pr,vb,cc,nn,location
saan,pr,rb,location
ano,rb,dt,nn,cc,nn,pr,location
saan,rb,pr,vb,location
saan,pr,vb,dt,nn,location
saan,pr,vb,location
saan,pr,rb,rb,dt,dt,nn,cc,pr,location
saan,pr,cd,vb,location
saan,pr,vb,location
saan,pr,vb,location
saan,pr,vb,location
saan,pr,cc,rb,location
saan,pr,vb,location
saan,pr,vb,location
saan,pr,pr,vb,dt,nn,nn,location
alin,pr,dt,nn,location
saan,pr,cd,vb,location
saan,rb,dt,nn,cc,pr,location
nasaan,rb,dt,nn,jj,cc,vb,nn,location
saan,pr,location
saan,pr,vb,location
saan,pr,rb,location
saan,rb,pr,rb,location
saan,pr,rb,location
nasaan,pr,rb,rb,location
saan,rb,pr,vb,vb,location
saan,rb,rb,pr,vb,location
saan,rb,pr,cc,nn,dt,nn,nn,location
saan,dt,nn,cc,nn,location
saan,pr,vb,dt,nn,pr,location
saan,dt,nn,nn,location
saan,pr,jj,location
saan,pr,vb,location
saan,pr,vb,vb,location
saan,rb,pr,vb,location
saan,vb,dt,nn,dt,nn,nn,location
saan,vb,cc,nn,cc,nn,dt,nn,location
saan,pr,vb,location
saan,rb,pr,rb,location
saan,rb,vb,dt,dt,nn,cc,nn,location
nasaan,pr,rb,nn,pr,location
saan,rb,vb,nn,location
saan,vb,pr,vb,vb,location
saan,rb,dt,nn,cc,nn,location
saan,rb,dt,nn,dt,nn,nn,location
saan,jj,dt,nn,location
saan,pr,vb,dt,nn,nn,location
saan,pr,vb,vb,location
saan,pr,jj,cc,nn,location
saan,pr,vb,vb,location
saan,jj,dt,nn,pr,location
saan,rb,rb,rb,location
saan,pr,rb,pr,vb,location
saan,pr,cc,rb,location
saan,pr,jj,location
saan,pr,vb,location
saan,pr,rb,vb,location
saan,pr,nn,dt,nn,pr,location
saan,pr,pr,vb,location
saan,pr,vb,location
saan,rb,nn,cc,nn,pr,dt,nn,pr,location
saan,pr,pr,vb,location
saan,pr,rb,location
saan,nn,pr,location
saan,pr,rb,pr,nn,pr,location
saan,rb,vb,vb,location
saan,rb,vb,vb,location
saan,pr,vb,location
saan,pr,rb,location
saan,nn,pr,location
saan,cc,pr,vb,location
saan,pr,pr,vb,location
saan,pr,vb,location
saan,dt,nn,location
saan,pr,rb,vb,dt,nn,cc,pr,location
saan,pr,vb,rb,vb,location
saan,rb,pr,location
saan,pr,vb,vb,location
saan,pr,nn,cc,vb,nn,location
saan,rb,jj,dt,cd,nn,cc,nn,location
alin,cc,dt,nn,cc,nn,dt,vb,location
saan,pr,vb,location
saan,rb,jj,dt,dt,nn,dt,nn,nn,location
saan,pr,rb,nn,cc,nn,location
alin,cc,dt,nn,cc,vb,pr,jj,dt,nn,location
saan,pr,vb,dt,nn,nn,location
saan,rb,jj,dt,nn,nn,location
saan,vb,dt,dt,nn,location
saan,pr,vb,location
saan,pr,vb,location
saan,rb,rb,pr,vb,rb,location
saan,rb,vb,dt,nn,nn,location
saan,pr,vb,location
saan,pr,vb,location
saan,pr,jj,location
saan,pr,vb,location
saan,pr,vb,location
saan,pr,rb,location
saan,rb,pr,vb,location
saan,pr,vb,location
saan,pr,rb,vb,location
saan,rb,rb,rb,pr,location
saan,rb,rb,pr,rb,location
saan,rb,pr,nn,vb,location
saan,vb,dt,nn,pr,location
saan,pr,vb,cc,rb,pr,rb,vb,location
saan,pr,vb,dt,nn,cc,nn,location
saan,rb,dt,nn,location
saan,pr,vb,vb,location
saan,vb,cc,nn,cc,nn,cc,nn,location
saan,jj,dt,nn,nn,nn,nn,location
saan,rb,rb,dt,nn,location
saan,vb,dt,nn,location
saan,pr,vb,dt,vb,cc,nn,cc,nn,location
saan,pr,nn,location
saan,pr,vb,location
saan,rb,pr,vb,location
saan,pr,nn,location
saan,pr,vb,location
saan,pr,vb,location
saan,pr,rb,location
saan,nn,pr,location
saan,pr,rb,pr,nn,pr,location
saan,rb,vb,vb,location
saan,pr,vb,location
saan,pr,rb,location
saan,nn,pr,location
saan,pr,pr,vb,location
saan,pr,vb,location
saan,dt,nn,location
saan,pr,rb,vb,dt,nn,cc,pr,location
saan,pr,vb,rb,vb,location
saan,rb,pr,location
saan,pr,vb,vb,location
saan,pr,nn,cc,vb,nn,location
saan,rb,jj,dt,cd,nn,cc,nn,location
alin,cc,dt,nn,cc,nn,dt,vb,location
saan,pr,vb,location
saan,rb,jj,dt,dt,nn,dt,nn,nn,location
saan,pr,rb,jj,pr,location
saan,pr,vb,dt,nn,nn,location
saan,rb,jj,dt,nn,nn,location
saan,rb,rb,pr,jj,cc,nn,rb,location
saan,vb,dt,dt,nn,location
saan,pr,vb,location
saan,pr,vb,location
saan,rb,rb,pr,vb,rb,location
saan,pr,vb,location
saan,pr,vb,location
saan,pr,rb,location
saan,rb,pr,vb,location
saan,pr,cc,nn,cc,rb,pr,location
saan,dt,cd,pr,nn,location
saan,pr,vb,location
saan,pr,rb,vb,location
saan,pr,rb,jj,pr,location
saan,rb,rb,rb,pr,location
saan,rb,rb,pr,rb,location
saan,rb,pr,nn,vb,location
saan,vb,dt,nn,pr,location
saan,pr,vb,cc,rb,pr,rb,vb,location
saan,pr,vb,dt,nn,cc,nn,location
saan,rb,dt,nn,location
saan,pr,vb,vb,location
saan,vb,cc,nn,cc,nn,cc,nn,location
saan,jj,dt,nn,nn,nn,nn,location
saan,rb,rb,dt,nn,location
saan,vb,dt,nn,location
saan,pr,vb,dt,vb,cc,nn,cc,nn,location
saan,pr,nn,location
saan,pr,vb,location
saan,rb,pr,vb,location
saan,pr,nn,location
saan,pr,vb,location
saan,pr,vb,location
saang,nn,pr,rb,vb,location
saang,nn,vb,pr,pr,vb,location
saang,nn,dt,vb,pr,nn,vb,location
saan,pr,vb,location
saan,pr,rb,location
saan,pr,nn,dt,nn,cc,nn,location
alin,dt,vb,pr,nn,cc,nn,location
saan,vb,dt,nn,nn,location
saan,vb,dt,nn,vb,location
saan,rb,rb,rb,vb,location
saan,pr,pr,cd,vb,location
saan,dt,nn,location
saan,jj,dt,nn,pr,location
saan,pr,vb,location
saan,pr,dt,nn,pr,location
saan,pr,vb,location
saan,dt,vb,vb,pr,nn,location
saan,dt,nn,pr,vb,location
saan,pr,vb,location
saan,rb,rb,pr,rb,location
saan,jj,nn,pr,location
saan,jj,dt,nn,location
saan,rb,nn,cc,nn,nn,location
saan,vb,cc,jj,cc,nn,location
saan,pr,nn,nn,nn,location
nasaan,pr,nn,location
saan,pr,vb,dt,nn,nn,nn,location
saan,pr,rb,rb,rb,cc,dt,nn,nn,location
saan,rb,dt,dt,nn,vb,nn,cc,vb,cc,vb,dt,nn,vb,location
saan,vb,pr,location
aling,nn,cc,nn,dt,vb,pr,cd,nn,location
saan,vb,cc,vb,dt,nn,location
saan,vb,dt,nn,nn,location
saan,vb,dt,cd,cc,vb,location
saan,pr,rb,rb,jj,location
saan,rb,rb,rb,location
saan,jj,dt,vb,nn,location
saan,pr,vb,location
saan,pr,vb,location
saan,pr,vb,location
saan,pr,nn,cc,nn,cc,nn,location
saan,pr,rb,vb,location
saan,dt,nn,cc,vb,location
aling,nn,location
saan,rb,rb,pr,vb,rb,nn,location
saan,pr,vb,location
saan,dt,vb,pr,nn,location
saan,pr,vb,cc,nn,location
saan,nn,rb,dt,nn,vb,location
nasaan,dt,nn,location
saan,rb,pr,nn,location
saan,pr,pr,vb,location
saan,pr,rb,dt,nn,pr,location
saan,pr,vb,location
saan,pr,pr,vb,location
saan,pr,rb,dt,nn,pr,location
saan,pr,vb,location
aling,dt,nn,cc,vb,dt,vb,pr,nn,location
saan,pr,rb,vb,location
saan,rb,pr,vb,location
saan,vb,dt,nn,location
saan,pr,vb,location
saan,vb,dt,nn,pr,location
saan,vb,dt,nn,location
saan,pr,vb,location
saan,pr,vb,dt,nn,pr,location
saan,pr,vb,location
saan,pr,vb,dt,nn,pr,location
saan,pr,vb,location
saan,pr,vb,location
saan,pr,vb,location
saan,vb,cc,nn,location
saan,dt,vb,nn,cc,nn,location
saan,pr,pr,cd,vb,location
saan,jj,dt,nn,location
saan,jj,dt,nn,location
saan,pr,vb,vb,dt,nn,pr,cc,nn,nn,location
saan,vb,dt,jj,nn,cc,nn,location
saan,vb,dt,jj,nn,cc,nn,location
saan,pr,vb,dt,pr,nn,nn,location
saan,rb,rb,cc,nn,location
saan,pr,vb,location
saan,pr,nn,nn,nn,location
saan,pr,vb,location
saan,pr,vb,location
saan,pr,vb,location
saan,rb,vb,pr,vb,location
saan,pr,vb,location
saan,pr,rb,location
saan,pr,vb,dt,vb,vb,location
saan,pr,vb,location
saan,cc,nn,vb,dt,nn,location
saan,pr,vb,nn,cc,nn,location
saan,pr,vb,location
saan,pr,vb,location
saan,pr,vb,location
saan,pr,rb,location
saan,pr,vb,location
saan,pr,vb,location
ano,dt,nn,cc,nn,rb,vb,pr,cc,nn,nn,nn,location
aling,nn,dt,nn,cc,nn,nn,location
saan,rb,dt,nn,nn,location
saan,vb,dt,nn,nn,nn,location
saan,vb,dt,nn,location
saan,pr,vb,location
saan,pr,pr,vb,location
saan,pr,rb,vb,location
saan,pr,pr,vb,location
saan,pr,vb,location
saan,pr,vb,location
saan,pr,vb,dt,vb,pr,location
saan,rb,pr,vb,location
saan,rb,dt,nn,nn,location
saan,pr,pr,vb,location
saan,rb,dt,nn,cc,pr,location
saan,pr,vb,location
saan,rb,pr,vb,cc,nn,pr,location
saan,pr,vb,location
saan,rb,rb,vb,dt,nn,rb,rb,location
saan,pr,vb,rb,location
saan,pr,rb,vb,location
saan,pr,rb,vb,location
saan,pr,jj,cc,nn,cc,pr,location
saan,vb,dt,nn,nn,location
saan,pr,vb,location
saan,pr,rb,vb,location
saan,rb,pr,rb,location
saan,rb,vb,pr,vb,location
saan,jj,dt,nn,location
saan,vb,dt,nn,location
saan,pr,vb,location
saan,dt,nn,pr,location
saan,nn,dt,nn,location
saan,jj,dt,rb,cc,nn,location
saan,vb,cc,vb,dt,vb,location
saan,rb,rb,dt,nn,cc,rb,cc,nn,location
saan,rb,dt,nn,pr,nn,jj,nn,cc,nn,nn,location
saan,vb,dt,rb,location
saan,pr,vb,location
saan,pr,vb,location
kailan,pr,rb,vb,dt,vb,nn,numeric
kailan,rb,vb,dt,nn,nn,vb,cc,vb,numeric
kailan,rb,pr,nn,numeric
saan,pr,vb,numeric
saan,vb,dt,nn,pr,numeric
bakit,rb,pr,rb,numeric
kailan,rb,pr,vb,vb,numeric
kailan,pr,rb,vb,dt,nn,pr,numeric
kailan,rb,pr,vb,numeric
kailan,vb,dt,nn,numeric
kailan,pr,vb,numeric
kailan,pr,rb,vb,numeric
kailan,dt,nn,pr,numeric
bakit,nn,jj,jj,pr,nn,rb,numeric
kailan,pr,vb,numeric
kailan,pr,pr,vb,numeric
kailan,rb,vb,dt,dt,nn,numeric
kailan,rb,pr,vb,numeric
bakit,rb,pr,rb,numeric
kailan,pr,rb,vb,numeric
kailan,rb,rb,vb,dt,vb,nn,numeric
kailan,rb,vb,dt,nn,numeric
kailan,rb,rb,pr,nn,numeric
kailan,rb,pr,vb,cc,nn,numeric
kailan,pr,rb,rb,rb,rb,rb,rb,pr,dt,vb,pr,numeric
kailan,pr,rb,vb,dt,vb,nn,numeric
kailan,pr,vb,rb,numeric
kailan,pr,vb,numeric
ano,dt,rb,rb,cc,nn,pr,numeric
ano,rb,dt,vb,vb,cc,nn,numeric
kailan,pr,rb,rb,rb,numeric
kailan,pr,vb,cc,vb,numeric
kailan,vb,dt,nn,vb,cc,vb,numeric
kailan,pr,vb,vb,nn,cc,pr,numeric
bakit,pr,vb,numeric
kailan,rb,pr,vb,cc,pr,numeric
anong,nn,pr,nn,numeric
bakit,rb,pr,rb,numeric
kailan,rb,vb,dt,vb,nn,numeric
kailan,rb,rb,pr,vb,cc,nn,numeric
kailan,vb,dt,nn,nn,numeric
kailan,rb,rb,pr,vb,numeric
kailan,nn,pr,numeric
kailan,pr,vb,numeric
kailan,rb,pr,vb,pr,numeric
kailan,pr,vb,cc,vb,numeric
kailan,pr,vb,cc,nn,nn,numeric
kailan,pr,nn,dt,nn,pr,numeric
kailan,dt,pr,nn,numeric
kailan,pr,vb,cc,pr,nn,numeric
kailan,pr,vb,dt,nn,pr,numeric
kailan,vb,dt,nn,cc,nn,cc,pr,vb,numeric
kailan,pr,rb,pr,jj,cc,nn,pr,numeric
saan,rb,vb,dt,nn,vb,numeric
kailan,pr,nn,numeric
kailan,pr,nn,numeric
kailan,pr,vb,numeric
kailan,pr,vb,numeric
kailan,pr,rb,vb,nn,pr,numeric
kailan,pr,vb,cc,nn,numeric
kailan,pr,rb,vb,numeric
bakit,rb,pr,rb,numeric
kailan,vb,dt,nn,numeric
kailan,pr,vb,numeric
kailan,pr,vb,cc,nn,numeric
kailan,pr,vb,numeric
kailan,pr,rb,vb,numeric
kailan,pr,vb,dt,pr,nn,numeric
kailan,pr,vb,dt,pr,nn,numeric
saan,rb,pr,vb,numeric
bakit,jj,dt,dt,nn,cc,nn,numeric
kailan,rb,vb,dt,nn,cc,nn,numeric
kailan,rb,vb,dt,nn,numeric
kailan,vb,dt,nn,nn,numeric
kailan,rb,pr,vb,numeric
kailan,pr,nn,cc,vb,vb,nn,numeric
kailan,pr,vb,vb,numeric
alin,cc,pr,cc,vb,cc,nn,dt,nn,pr,numeric
ano,dt,nn,pr,vb,numeric
kailan,pr,nn,numeric
kailan,dt,pr,nn,numeric
kailan,dt,pr,nn,numeric
anong,nn,rb,vb,dt,nn,numeric
kailan,rb,dt,nn,jj,cc,pr,lm,vb,vb,numeric
kailan,rb,dt,nn,dt,nn,numeric
kailan,pr,rb,vb,dt,vb,nn,cc,nn,numeric
kailan,pr,rb,pr,vb,dt,vb,nn,numeric
kailan,pr,pr,vb,numeric
kailan,pr,vb,dt,nn,pr,numeric
kailan,pr,vb,numeric
kailan,pr,vb,numeric
kailan,pr,vb,nn,numeric
kailan,pr,jj,cc,nn,numeric
kailan,pr,vb,cc,nn,numeric
kailan,rb,dt,nn,numeric
kailan,rb,pr,vb,numeric
kailan,rb,vb,dt,vb,nn,numeric
kailan,vb,dt,nn,numeric
kailan,rb,dt,nn,jj,numeric
kailan,dt,nn,pr,numeric
kailan,pr,nn,numeric
kailan,vb,dt,nn,numeric
kailan,pr,rb,vb,dt,rb,numeric
kailan,rb,vb,rb,dt,vb,numeric
kailan,pr,rb,pr,vb,vb,numeric
kailan,pr,rb,pr,vb,pr,numeric
kailang,rb,dt,nn,nn,numeric
kailan,pr,vb,numeric
kailan,pr,vb,numeric
kailan,pr,rb,vb,numeric
kailan,pr,vb,numeric
kailan,pr,vb,vb,numeric
kailan,dt,pr,nn,numeric
kailan,vb,dt,nn,numeric
kailan,rb,nn,dt,nn,nn,numeric
kailan,pr,vb,nn,numeric
kailan,rb,pr,pr,vb,numeric
kailan,pr,jj,cc,rb,pr,rb,vb,numeric
kailan,pr,vb,cc,nn,cc,nn,numeric
kailan,pr,vb,dt,nn,pr,numeric
kailan,pr,vb,pr,numeric
kailan,pr,rb,pr,vb,numeric
kailan,dt,nn,pr,numeric
kailan,pr,vb,dt,nn,pr,numeric
kailan,pr,vb,cc,nn,numeric
kailan,pr,vb,dt,pr,vb,numeric
kailan,pr,vb,numeric
kailan,pr,nn,cc,vb,numeric
kailan,pr,vb,cc,nn,rb,rb,pr,numeric
kailan,pr,rb,vb,numeric
kailan,pr,vb,cc,vb,nn,numeric
kailan,rb,numeric
kailan,rb,vb,dt,nn,numeric
kailan,pr,rb,vb,pr,numeric
kailan,pr,vb,cc,nn,numeric
kailan,rb,dt,nn,pr,numeric
kailan,pr,pr,vb,cc,nn,numeric
kailan,pr,vb,dt,nn,pr,numeric
kailan,pr,pr,vb,numeric
kailan,dt,nn,pr,numeric
kailan,pr,vb,dt,nn,rb,cc,pr,numeric
kailan,pr,vb,dt,nn,pr,cc,nn,pr,numeric
kailan,rb,rb,pr,vb,numeric
kailan,rb,rb,vb,dt,nn,nn,numeric
kailan,pr,rb,vb,dt,vb,pr,numeric
kailan,rb,rb,rb,pr,jj,numeric
kailan,rb,dt,nn,cc,cd,nn,numeric
kailan,dt,nn,pr,numeric
kailan,pr,vb,dt,nn,rb,cc,pr,numeric
kailan,pr,vb,dt,nn,pr,cc,nn,pr,numeric
kailan,pr,pr,vb,numeric
kailan,pr,vb,vb,numeric
kailan,pr,rb,numeric
kailan,nn,pr,numeric
kailan,pr,rb,vb,pr,numeric
kailan,rb,numeric
kailan,rb,vb,dt,nn,dt,vb,nn,numeric
kailang,rb,pr,vb,cc,jj,nn,cc,jj,cc,nn,numeric
kailan,vb,dt,nn,cc,nn,numeric
kailan,rb,vb,pr,numeric
bakit,vb,pr,vb,cc,nn,cc,nn,numeric
bakit,vb,pr,nn,nn,cc,nn,numeric
kailan,pr,vb,vb,numeric
kailan,pr,rb,rb,rb,numeric
kailan,pr,rb,vb,cc,nn,nn,cc,vb,pr,numeric
kailan,rb,nn,numeric
kailan,pr,vb,cc,vb,numeric
kailan,pr,nn,numeric
kailan,rb,rb,rb,rb,numeric
kailan,rb,vb,dt,vb,cc,nn,numeric
kailan,rb,pr,vb,dt,nn,numeric
kailan,rb,rb,pr,vb,jj,numeric
kailan,pr,nn,numeric
kailan,pr,vb,numeric
kailan,rb,pr,nn,numeric
kailan,pr,vb,dt,jj,pr,nn,numeric
kailan,pr,rb,numeric
kailan,dt,nn,pr,numeric
kailan,rb,rb,numeric
kailan,pr,rb,vb,cc,rb,numeric
kailan,pr,pr,vb,numeric
kailan,pr,vb,numeric
kailan,pr,vb,vb,numeric
kailan,pr,vb,numeric
kailan,pr,pr,vb,numeric
kailan,vb,dt,nn,cc,pr,vb,dt,jj,cc,nn,pr,numeric
kailan,rb,pr,rb,cc,nn,numeric
saan,dt,cd,pr,nn,numeric
kailan,rb,pr,vb,nn,numeric
kailan,rb,dt,nn,jj,numeric
kailan,pr,nn,cc,vb,numeric
kailan,pr,vb,vb,nn,numeric
kailan,rb,dt,nn,nn,numeric
kailan,pr,rb,vb,dt,dt,nn,pr,numeric
kailan,rb,pr,vb,cc,nn,numeric
kailan,dt,nn,pr,numeric
kailan,vb,dt,vb,nn,numeric
kailan,pr,cd,nn,numeric
kailan,pr,cd,vb,vb,numeric
kailan,pr,vb,numeric
kailan,rb,rb,pr,vb,numeric
kailan,rb,rb,vb,dt,nn,nn,numeric
kailan,rb,rb,rb,pr,jj,numeric
kailan,rb,dt,nn,cc,cd,nn,numeric
kailan,dt,nn,pr,numeric
kailan,pr,pr,vb,numeric
kailan,pr,vb,vb,numeric
kailan,pr,rb,numeric
kailan,nn,pr,numeric
kailan,pr,rb,vb,pr,numeric
kailan,rb,numeric
kailan,vb,dt,nn,cc,nn,numeric
kailan,pr,vb,vb,numeric
kailan,pr,rb,rb,rb,numeric
kailan,rb,nn,numeric
kailan,pr,vb,cc,vb,numeric
kailan,pr,nn,numeric
kailan,rb,pr,vb,dt,nn,numeric
paano,pr,rb,dt,pr,nn,numeric
kailan,pr,nn,numeric
kailan,pr,vb,numeric
kailan,rb,pr,nn,numeric
bakit,rb,pr,rb,numeric
kailan,dt,nn,pr,numeric
kailan,rb,rb,numeric
kailan,pr,rb,numeric
kailan,pr,pr,vb,numeric
kailan,pr,vb,vb,numeric
kailan,pr,vb,numeric
kailan,pr,pr,vb,numeric
anu-ano,dt,dt,rb,pr,cc,nn,cc,nn,numeric
kailan,pr,vb,cc,nn,numeric
saan,rb,dt,nn,vb,numeric
kailan,rb,dt,nn,vb,numeric
ano,rb,dt,rb,pr,cc,nn,nn,numeric
ano,dt,vb,pr,cc,nn,pr,rb,numeric
kailan,rb,dt,nn,jj,numeric
kailan,pr,nn,cc,vb,numeric
kailan,pr,vb,vb,nn,numeric
kailan,rb,dt,nn,nn,numeric
kailan,pr,rb,vb,dt,dt,nn,pr,numeric
kailan,pr,vb,numeric
kailan,rb,pr,vb,cc,nn,numeric
kailan,rb,pr,vb,cc,nn,numeric
kailan,pr,vb,pr,numeric
kailan,dt,nn,pr,numeric
kailan,rb,vb,vb,dt,nn,numeric
kailan,vb,dt,vb,nn,numeric
kailan,pr,cd,nn,numeric
kailan,pr,cd,vb,vb,numeric
kailan,pr,vb,numeric
kailan,pr,vb,cc,pr,numeric
kailan,rb,rb,dt,nn,numeric
kailan,dt,nn,cc,nn,numeric
kailan,pr,rb,rb,numeric
ano,dt,jj,pr,cc,rb,pr,numeric
kailan,pr,rb,vb,dt,vb,nn,numeric
kailan,pr,pr,vb,numeric
kailan,pr,pr,vb,numeric
kailan,rb,pr,rb,rb,rb,numeric
saan,pr,vb,numeric
kailan,rb,pr,nn,numeric
kailan,rb,dt,nn,numeric
kailan,rb,vb,dt,nn,numeric
kailan,vb,dt,nn,numeric
kailan,pr,vb,vb,numeric
kailan,pr,nn,numeric
kailan,rb,vb,dt,nn,nn,numeric
kailan,rb,dt,nn,cc,nn,nn,numeric
kailan,rb,vb,vb,cc,nn,numeric
ano,dt,nn,dt,nn,nn,cc,rb,pr,numeric
kailan,rb,vb,dt,nn,pr,numeric
kailan,pr,vb,vb,numeric
kailan,pr,vb,rb,numeric
kailan,rb,dt,vb,cc,nn,nn,numeric
kailan,vb,dt,nn,cc,nn,cc,vb,numeric
kailan,rb,rb,dt,nn,numeric
kailan,jj,dt,nn,cc,vb,numeric
kailan,rb,cc,nn,nn,numeric
kailan,rb,dt,nn,nn,numeric
kailan,pr,vb,numeric
kailan,pr,vb,numeric
kailan,dt,nn,nn,numeric
kailan,pr,rb,vb,numeric
kailan,vb,vb,dt,nn,numeric
kailan,rb,vb,dt,nn,numeric
kailan,rb,rb,pr,nn,numeric
kailan,pr,vb,cc,nn,numeric
kailan,rb,rb,rb,rb,rb,rb,cc,nn,numeric
kailan,pr,pr,vb,numeric
kailan,pr,rb,nn,numeric
kailan,pr,vb,numeric
kailan,dt,nn,nn,numeric
kailan,pr,rb,pr,vb,rb,numeric
kailan,pr,nn,numeric
kailan,rb,dt,nn,numeric
kailan,rb,dt,nn,numeric
kailan,pr,vb,jj,numeric
kailan,pr,rb,vb,dt,vb,nn,numeric
kailan,pr,rb,nn,numeric
kailan,pr,rb,pr,vb,numeric
kailan,pr,vb,dt,nn,numeric
kailan,pr,vb,dt,nn,numeric
kailan,pr,rb,numeric
kailan,rb,pr,vb,rb,numeric
kailan,pr,vb,cc,nn,numeric
kailan,dt,nn,pr,numeric
kailan,pr,vb,numeric
kailan,pr,vb,numeric
kailan,pr,pr,vb,numeric
kailan,vb,dt,nn,dt,nn,numeric
kailan,pr,jj,nn,numeric
kailan,dt,pr,nn,numeric
kailan,vb,dt,nn,numeric
kailan,pr,vb,numeric
kailan,vb,cc,nn,dt,dt,nn,cc,nn,numeric
kailan,rb,dt,nn,nn,numeric
kailan,rb,pr,vb,dt,vb,pr,numeric
kailan,rb,pr,vb,vb,numeric
kailan,dt,nn,cc,nn,vb,numeric
kailan,dt,nn,pr,numeric
kailan,dt,nn,vb,numeric
kailan,pr,pr,vb,numeric
kailan,dt,nn,nn,cc,dt,nn,numeric
kailan,dt,pr,nn,numeric
kailan,pr,vb,rb,numeric
kailan,pr,pr,vb,numeric
kailan,pr,rb,vb,dt,vb,nn,numeric
kailan,pr,rb,vb,cc,nn,numeric
kailan,pr,vb,cc,pr,nn,numeric
kailan,dt,nn,dt,nn,numeric
kailan,vb,dt,dt,vb,numeric
kailan,vb,dt,vb,numeric
kailan,pr,vb,jj,numeric
kailan,pr,jj,cc,nn,pr,numeric
kailan,dt,nn,pr,numeric
kailan,pr,vb,pr,pr,cc,nn,pr,numeric
kailan,pr,rb,vb,dt,vb,nn,numeric
kailan,pr,vb,rb,numeric
kailan,rb,vb,dt,vb,nn,numeric
kailan,pr,numeric
kailan,rb,rb,dt,nn,cc,nn,nn,numeric
kailan,pr,jj,cc,vb,pr,cc,pr,vb,numeric
kailan,pr,rb,numeric
kailan,pr,jj,numeric
kailan,pr,rb,vb,nn,numeric
kailan,pr,vb,numeric
kailan,rb,dt,nn,vb,cd,numeric
kailan,pr,rb,rb,rb,rb,cc,vb,pr,numeric
kailan,pr,rb,vb,dt,vb,nn,numeric
kailan,pr,vb,dt,pr,nn,numeric
kailan,pr,vb,cc,vb,numeric
kailan,pr,rb,vb,numeric
kailan,pr,pr,vb,numeric
kailan,pr,pr,vb,numeric
kailan,pr,pr,vb,numeric
kailan,pr,rb,rb,pr,vb,numeric
kailan,rb,vb,dt,dt,nn,cc,nn,pr,numeric
kailan,pr,rb,vb,numeric
kailan,dt,nn,numeric
kailan,pr,vb,numeric
kailan,pr,vb,dt,dt,vb,cc,nn,nn,numeric
kailan,rb,pr,vb,cc,vb,pr,numeric
kailan,vb,dt,nn,vb,cc,vb,numeric
kailan,pr,numeric
kailan,vb,dt,vb,rb,vb,numeric
